Date,Jday,RB WY01,RB WY02,RB WY03,RB WY04,RB WY05,RB WY06,RB WY07,RB WY08,RB WY09,RB WY10,RB WY11,RB WY12,RB WY13,RB WY14,RB WY15,RB WY16,RB WY17,RB WY18,RB WY19,WB WY01,WB WY02,WB WY03,WB WY04,WB WY05,WB WY06,WB WY07,WB WY08,WB WY09,WB WY10,WB WY11,WB WY12,WB WY13,WB WY14,WB WY15,WB WY16,WB WY17,WB WY18,WB WY19,RB average 01-16,WB average 01-15,RB avg mm,WB avg mm,RB cum mm,WB cum mm
1-Oct,1,2.6,2.8,6.2,4.3,3.5,5.8,36,1.8,12,14.8,170,14,49,2.3,1.9,6.67,2.11,2.39,7.41,5.9,5.4,10,8.1,5.6,12,44,4.6,32,16.7,231,20,116,5,3.8,11.8,3.62,3.69,14.8,18.19,29.16,4.64,6.1,4.64,6.1
2-Oct,2,2.5,2.5,6.6,3.6,3.7,4.1,43,1.6,18,17,44,24,15,2.4,2.2,3.33,2.24,2.35,63.8,5.7,5,10,7.1,5.8,9.4,46,4.2,48,18,54,41,29,4.8,3.8,5.94,3.88,3.61,95,13.79,21.06,3.51,4.41,8.15,10.5
3-Oct,3,2.3,2.4,7.1,4.1,4.1,3.4,21,1.6,9.4,24.8,19,24,10,2.6,2.3,2.43,2.39,2.32,36.4,5.5,4.7,12,9.4,5.9,8.1,27,4.3,22,31.4,26,42,18,4.6,3.7,5.59,4.16,4.08,55.9,9.56,15.49,2.44,3.24,10.59,13.74
4-Oct,4,2.5,2.3,5.9,16,3.8,2.9,24,1.5,5.8,13.3,12,16,20,2.6,5.9,2.04,2.75,2.33,12.1,5.5,4.3,9.5,33,5.7,7,46,4.6,15,17.1,18,28,42,4.6,8.9,4.73,4.76,4.58,24.4,8.09,15.14,2.06,3.17,12.65,16.91
5-Oct,5,2.8,2.3,5.9,17,4,2.6,40,1.4,4.2,11,8.7,15,16,2.7,11,1.76,2.7,3.32,7.52,6,4.2,9.7,30,5.7,6.5,58,4,12,14.8,13,29,32,4.5,17,3.88,4.49,6.28,16.1,8.42,14.59,2.15,3.05,14.79,19.96
6-Oct,6,18,3.9,4.9,8.6,3.8,2.5,15,7,3.5,11.9,8.4,11,13,3.6,3.6,1.62,2.43,2.53,5.87,29,6.7,7.9,15,5.1,5.8,22,7.1,9.8,13.1,15,17,27,5.6,6.5,3.4,4.4,4.34,12.5,6.9,11.43,1.76,2.39,16.55,22.35
7-Oct,7,11,6.2,4.4,5.9,3.8,3,11,14,3.1,41.6,27,8.1,11,21,3.4,1.52,2.35,2.55,19.3,19,8.3,7.1,11,5,7.1,16,12,8.4,58.7,31,13,20,38,6.5,3.27,4.21,4.34,24,10.54,15.63,2.69,3.27,19.24,25.62
8-Oct,8,11,5.8,4,4.7,3.7,42,9.1,50,2.8,37.6,20,6.8,9.6,14,7.7,1.46,2.46,2.88,9.77,17,8.4,6.5,9.3,4.9,58,14,48,7.5,49.3,25,11,16,24,15,3.14,4.12,5.68,16.2,12.91,18.05,3.29,3.78,22.53,29.4
9-Oct,9,7.4,6,3.9,4,3.7,17,7.8,15,4.6,16.3,15,6.2,7.8,5.8,5.7,4.36,3.11,12.6,8.44,13,9,6,7.7,4.9,21,12,20,7.1,21.5,20,9.3,13,10,11,6.33,4.22,19.4,13.9,8.14,12.07,2.08,2.52,24.61,31.92
10-Oct,10,6.3,9.5,3.8,3.7,3.8,9.6,7,12,3.7,17.9,10,5.6,11,4.2,3.7,6.16,3.31,13.1,7.33,10,14,5.4,6.5,4.9,15,11,17,7.2,25.1,14,8.4,20,7.9,7.1,10.4,4.07,21.6,14,7.46,11.77,1.9,2.46,26.51,34.38
11-Oct,11,11,7.2,3.8,3.5,4.2,7.4,6.4,8.7,3.3,12.9,8.1,5.2,14,3.5,3,2.89,3.45,3.93,70.1,17,11,5,5.7,5.5,13,9.6,13,7.6,18.6,11,7.6,24,6.9,6,4.38,3.75,8.21,120,9.61,15.68,2.45,3.28,28.96,37.66
12-Oct,12,19,4.8,3.7,3.6,4,5.8,14,16,3,9.3,6.9,5.1,10,3.2,2.6,2.07,3.41,3.06,32.7,26,7.6,4.7,5.2,5,11,9.3,25,7.2,14.1,9.9,7,17,6.1,5.4,5.52,3.39,6.07,51.9,8.01,11.97,2.04,2.5,31,40.16
13-Oct,13,19,4.1,5.6,4.3,3.9,5.1,18,13,3,10.1,6.1,6,8,3,2.4,2.07,4.17,2.81,13.7,31,6.4,7.3,5.1,5.1,9.6,16,20,6.8,14.2,8.9,7.8,14,5.6,5,4.89,3.78,5.35,27.2,7.07,10.74,1.8,2.25,32.8,42.41
14-Oct,14,12,3.8,9.7,4.2,3.8,8.3,10,13,3.1,9.2,5.6,29,11,3.2,2.4,3.6,4.75,2.82,9.4,28,5.7,13,4.8,4.9,14,12,27,6.7,12.6,8.2,53,20,5.7,4.8,7.63,4.09,5.14,19.6,7.84,13.52,2,2.83,34.8,45.23
15-Oct,15,7.7,10,5.7,37,5.5,72,8.6,9.4,3.3,7.2,47,51,11,3.3,2.4,3.32,4.67,2.9,8.68,18,22,7.9,56,5.7,97,11,16,6.2,10.8,80,98,20,5.5,4.7,7.07,4.14,5.1,20.4,15.82,26.08,4.03,5.45,38.83,50.69
16-Oct,16,6.2,6.6,16,18,16,185,7.4,7.8,7.9,6.4,71,20,9.8,3,22,3.46,4.76,3.3,11,13,11,17,39,23,178,10,14,10,9.8,84,37,16,5.2,31,7.53,4.16,6.12,23.6,22.4,28.39,5.71,5.94,44.54,56.63
17-Oct,17,5.3,5.3,39,9.9,7.6,140,10,6.5,6.4,6.1,46,15,7.7,5.1,17,3.72,4.81,3.09,8.76,11,9.2,39,22,11,173,12,11,8.9,9.1,52,30,12,7.6,20,9.07,4.35,5.35,19.2,18.28,24.51,4.66,5.13,49.2,61.75
18-Oct,18,15,4.8,27,7.5,5.6,60,49,5.6,4.4,5.7,27,17,6.4,12,12,3.13,4.96,2.97,7.35,28,8.3,23,17,8.3,81,44,9.6,7.2,8.7,36,42,10,14,25,6.93,4.2,5,16.1,14.6,20.75,3.72,4.34,52.92,66.09
19-Oct,19,14,4.3,36,6.2,4.7,87,18,6.9,3.8,5.4,16,12,56,6.6,38,2.74,7.49,2.91,6.5,24,7.4,41,14,6.2,116,20,10,6.6,8.2,25,22,105,8.3,68,5.47,7.53,4.76,14.8,17.61,27.07,4.49,5.66,57.41,71.75
20-Oct,20,8.2,4.1,35,5.3,4.3,27,99,41,3.4,5.4,13,13,47,5.1,12,3.85,5.81,2.84,6.26,16,7.1,41,11,5.8,47,97,49,6.3,8.1,20,21,80,7,19,8.3,5.45,4.5,14.1,17.98,24.61,4.58,5.15,61.99,76.9
21-Oct,21,6.2,15,15,86,4,15,50,13,4.7,5.6,25,13,16,4.2,15,4.21,10.3,2.85,5.44,13,32,19,132,5.6,28,52,19,8.7,8.4,33,23,28,6,22,9.89,12.4,4.43,11.9,16.34,24.65,4.17,5.15,66.16,82.06
22-Oct,22,5.5,17,10,25,3.8,11,21,9.1,5.6,9.4,19,15,11,4.5,18,3.78,17.1,2.89,4.9,10,34,14,42,5,22,27,11,10,13.2,26,36,18,6.6,25,8.01,21.9,4.4,10.5,11.24,18.14,2.86,3.79,69.02,85.85
23-Oct,23,4.8,8,8.4,12,3.7,18,38,46,4.3,11.9,12,13,8.7,4.3,17,3.09,10.5,2.83,5.07,9,16,12,22,4.9,35,46,65,8.1,14.8,18,25,15,6.3,24,6.38,15.9,4.35,10,12.19,18.83,3.11,3.94,72.13,89.79
24-Oct,24,4.6,6.3,7.3,8.4,3.6,19,45,46,3.8,29.3,10,12,7.5,4.2,20,2.72,7.42,4.66,5.12,7.5,13,9.7,16,4.9,29,49,62,7.6,33,16,22,12,6.8,26,5.94,8.04,7.47,9.77,13,18.2,3.31,3.81,75.44,93.59
25-Oct,25,4.1,16,6.6,7.1,3.5,37,61,16,16,35.1,17,15,6.4,4.8,13,4.3,5.55,4.47,4.79,6.9,24,8.6,12,4.8,54,71,26,28,42.2,31,24,11,7.4,20,10.2,6.5,7.99,8.77,14.62,21.28,3.73,4.45,79.16,98.04
26-Oct,26,3.9,11,7.5,11,3.4,24,34,11,48,14.8,19,11,5.7,4.7,35,4.05,4.63,32,4.39,6.4,18,9.2,20,4.6,39,40,18,69,17.4,41,17,9.5,7,51,9.1,5.59,36.9,8.69,15.21,22.49,3.88,4.7,83.04,102.75
27-Oct,27,3.8,8.8,10,91,3.4,17,20,63,11,10.3,20,9.7,5.2,6,36,2.95,4.38,22.3,4.7,6.1,16,13,119,4.5,30,25,90,18,13.7,44,14,8.5,8.7,47,6.86,6.59,28.3,9.75,18.4,26.79,4.69,5.6,87.73,108.35
28-Oct,28,3.7,7.1,9.4,51,3.4,12,123,45,16,9.6,12,8.4,4.7,5.7,20,8.81,8.82,7.11,8.47,6.3,13,11,69,4.5,24,135,62,27,13.1,23,12,7.9,8.7,29,12.4,7.65,14.5,15.3,19.17,26.07,4.89,5.45,92.62,113.8
29-Oct,29,3.7,6.3,7.5,92,3.3,11,76,19,17,9.4,13,7.5,4.4,4.8,15,78.7,30.4,8.28,11.7,6.2,11,9.3,130,4.5,22,88,30,30,12.4,21,11,7.6,7.2,23,118,36.5,16.2,15.4,22.05,31.54,5.62,6.6,98.24,120.4
30-Oct,30,3.7,6.7,6.7,40,3.2,21,27,13,10,8.9,15,7.1,14,4.2,13,11.2,36.6,99.2,11.3,6.4,11,8.2,66,4.4,39,38,20,18,11.6,22,10,26,6.6,20,19.5,53.4,97.2,13.1,18.52,25.81,4.72,5.4,102.96,125.8
31-Oct,31,4.7,6.1,6.2,17,4.6,33,25,11,10,14.4,19,6.5,23,18,10,7.13,13,18.8,11.4,7.6,10,4.8,32,6.2,58,38,18,19,18.3,24,9.5,38,33,15,12.1,20.2,26.1,19.2,13.62,21.53,3.47,4.5,106.43,130.3
1-Nov,32,4.1,14,6.2,12,5.3,46,47,9.7,15,18.1,12,6.1,12,45,8.1,6.1,8.39,9.64,26.1,6.9,19,4.8,22,8,76,63,17,26,21,17,8.8,19,101,14,10.2,14.5,18,46,16.36,26.96,4.17,5.64,110.6,135.94
2-Nov,33,3.6,14,5.8,11,14,39,25,8.3,9.9,10.7,10,6,10,14,6.8,5.25,24.4,22.5,90.9,6.9,22,2.6,19,19,72,36,15,18,13.3,16,8.2,17,24,12,8.76,30,26.9,123,17.43,25.77,4.44,5.39,115.04,141.32
3-Nov,34,3.6,18,5.6,12,26,17,17,7.4,7.9,9.9,9.1,5.7,11,8.5,5.6,4.59,52.4,22.1,79.7,7.4,37,2.2,19,30,37,29,11,15,13.3,14,8.2,12,15,11,7.41,65.2,29.8,109,17,24.87,4.33,5.2,119.38,146.53
4-Nov,35,3.7,10,5.6,13,7.8,15,14,6.7,14,8.7,13,5.7,10,6.1,5.1,4.11,26.8,12.9,30.8,8.1,19,2.6,21,13,33,23,7.9,23,12.2,16,8.8,6.2,12,9,6.52,39.9,22.9,43.6,11.21,17.25,2.86,3.61,122.23,150.13
5-Nov,36,7.3,16,5.5,12,7.5,13,12,6.1,15,7.4,40,5.2,8.3,5.1,4.9,3.84,14.5,8.77,16.3,18,27,3.9,21,9.6,35,17,9.4,30,11.1,40,7.5,6,10,7.6,6.44,25.2,17.8,25.6,10.98,17.27,2.8,3.61,125.03,153.74
6-Nov,37,5.6,11,5.9,13,7.9,12,11,21,9.7,6.7,26,4.9,7.4,4.7,4.8,3.82,12.8,26.1,56.8,13,20,3.1,21,10,37,13,24,21,10.2,27,7.2,5.8,9.1,5.1,6.7,19.7,40.5,67,13.22,18.97,3.37,3.97,128.4,157.71
7-Nov,38,6.5,11,5.6,9.3,8.8,19,11,12,7.9,6.1,15,4.8,6.5,23,6.5,3.71,8.59,13.9,35,15,19,2,16,11,45,12,14,17,9.3,17,7.1,6.2,44,5.3,6.16,15.8,21.2,46.5,11.27,17.35,2.87,3.63,131.27,161.34
8-Nov,39,11,9.7,5.8,7.8,8.7,11,19,9.3,7.7,5.8,13,4.6,6.1,13,4.8,3.4,7.71,8.55,16,23,17,4.5,14,11,26,30,13,17,8.6,16,6.7,5.3,11,5.1,3.75,15,16.8,27,9.1,14.25,2.32,2.98,133.59,164.32
9-Nov,40,8.9,10,14,6.8,6.4,11,36,8,11,5.4,25,4.4,5.7,8.1,4.7,3.29,7.71,6.91,12.1,22,16,17,6,8.4,24,53,11,21,8.1,31,6.4,5.4,5.7,5,4.99,14.2,11.4,21.4,10.28,15.37,2.62,3.21,136.22,167.53
10-Nov,41,24,8.7,37,6.3,5.6,21,27,7.2,9.8,5.3,23,4.2,5.5,12,4.6,3.21,6.21,6.23,13.2,52,11,42,7.5,7.4,28,43,7.6,13,7.9,25,6.2,5.1,14,4.9,4.79,10.4,8.13,22.8,12.11,16.88,3.09,3.53,139.3,171.06
11-Nov,42,17,8.4,48,6.1,5.3,12,21,6.5,8.1,5,15,4.6,8.3,13,5.3,3.11,6.34,5.29,10.2,33,9.7,76,7.9,6.8,22,34,6.1,12,7.4,18,6.9,5.7,8,6.2,4.79,11.6,6.39,10.8,10.98,15.44,2.8,3.23,142.1,174.29
12-Nov,43,14,6.9,20,6.6,4.8,9.7,40,6.1,6.5,4.8,13,4.2,17,8.4,11,3.83,5.29,5.01,8.57,26,4.5,34,9.1,6.2,19,62,4.8,9.2,7.4,14,6.3,21,5.7,13,5.66,6.07,6.83,9.04,10.3,14.2,2.63,2.97,144.72,177.26
13-Nov,44,8.3,6.2,21,40,4.6,8.8,29,9.2,6.2,4.5,14,4.1,36,6.8,8.2,28.8,4.76,4.77,8.55,17,4.6,32,57,6,17,53,14,13,6.9,14,5.8,65,5.3,6.4,97.2,9,7.23,13,13.36,23.34,3.4,4.88,148.13,182.14
14-Nov,45,10,6.7,13,16,4.4,8.4,46,8.6,13,16.4,13,4.1,15,6.2,5.7,24.1,4.42,4.58,7.44,23,12,19,27,5.8,15,77,13,23,18.4,13,5.9,14,5.1,5.6,44.2,9.4,6.86,6.63,11.95,18.1,3.05,3.79,151.17,185.93
15-Nov,46,14,12,10,11,4.1,19,33,42,25,27.2,13,5.5,10,5.9,4.5,10.7,4.3,4.36,7.34,23,23,15,16,5.6,26,52,52,40,30.4,14,8.8,8.2,4.9,5.2,10.3,9.13,7.6,6.33,13.84,18.81,3.53,3.93,154.7,189.86
16-Nov,47,8.6,31,8.3,9,4,65,25,22,25,12.3,12,4.9,8.6,6.2,4.1,12.2,5.36,4.4,7.43,14,56,5.4,7.6,6,89,48,30,41,10.2,14,6.9,8.1,5,5.4,13.7,10.9,8.02,6.89,14.49,20.32,3.69,4.25,158.4,194.11
17-Nov,48,6.9,12,8.2,8.3,4,48,90,14,12,8.6,40,4.4,7.6,9,5.1,8.54,7.11,4.72,6.91,12,18,5.5,11,6.8,58,114,15,14,5.1,44,6,7.9,11,5,10.3,13.3,5.71,7.56,16.07,19.48,4.1,4.07,162.49,198.19
18-Nov,49,5.9,8.4,9,8.4,4.1,18,24,11,8.8,7.2,27,4,6.7,85,7.1,6.79,5.81,4.17,6.32,7.3,13,7.3,14,7.8,25,34,10,12,6,24,5.5,6.5,124,5.3,10.1,10.7,6.07,9.83,13.56,17.81,3.46,3.72,165.95,201.91
19-Nov,50,5.2,7.7,7.6,42,6,12,16,10,7.4,6.4,15,3.7,6.1,21,4,10.6,4.82,11.4,6.27,8.1,13,7.6,63,15,20,20,8.4,11,5.3,13,4.6,7.4,27,4.9,20.1,9.38,11.4,7.39,10.69,14.56,2.73,3.04,168.68,204.95
20-Nov,51,4.7,13,7.6,144,5.1,11,13,9,6.4,41,11,3.8,5.7,11,4,48.2,4.99,7.08,6.25,6.7,28,11,190,11,17,16,9.9,7.9,44.4,12,4.2,9.3,10,4.8,78.4,9.61,7.27,6.48,18.78,25.47,4.79,5.33,173.46,210.28
21-Nov,52,4.7,8.2,7.9,35,9.5,10,11,11,5.4,22.7,9.1,3.7,5.3,8.8,3.8,12.3,6.26,5.8,6.1,5.6,13,12,56,14,20,12,16,6.2,21.5,7.1,4.4,8.2,6,4.8,14.8,7.72,6.51,6.39,9.82,12.75,2.5,2.67,175.96,212.95
22-Nov,53,4.8,6.8,11,22,8.9,12,9.6,36,4.9,14.1,12,3.4,5,7.9,3.8,8.59,5.03,6.11,6.08,4,11,16,40,15,23,13,47,5.1,15.4,18,3.9,7.7,14,4.8,11.2,5.75,6.64,6.93,9.9,14.13,2.52,2.95,178.49,215.9
23-Nov,54,4.5,6.1,40,15,6.1,10,8.9,18,4.6,10.5,25,3.2,4.9,10,4.3,6.6,4.4,5.21,5.78,3.7,12,42,27,11,15,14,23,5.1,13.4,38,4.2,7.7,12,5.4,5.18,5.58,6.29,8.34,10.16,13.63,2.59,2.85,181.08,218.75
24-Nov,55,4.4,5.7,15,14,6.4,8.6,8.2,13,4.4,8.9,15,3.7,6.2,7.8,36,5.56,4.35,4.75,5.7,3.1,12,16,26,12,12,12,14,5.2,11.7,17,4.2,6.9,5,56,4.37,5.5,5.86,6.28,9.35,12.37,2.38,2.59,183.46,221.34
25-Nov,56,4.3,7.6,11,12,51,7.4,7.4,11,8.2,8.1,9,4.9,4.4,7.3,32,5.03,4.74,5.13,12.4,3.6,21,11,19,78,9.9,11,10,14,10.7,6.8,4.5,5,5.2,45,4.56,5.54,6.36,12.9,11.21,14.95,2.86,3.13,186.32,224.47
26-Nov,57,8.8,10,9.8,9.6,19,7.1,7.1,13,9.7,7.8,9.5,10,4.3,6,13,4.81,7.56,5.69,11.2,7.3,23,9.2,14,26,8.8,11,19,10,10.2,10,5.4,5,5.5,11,7.79,6.29,6.65,14.6,9.16,11.09,2.33,2.32,188.65,226.79
27-Nov,58,20,7.3,8.8,8.7,9.1,6.6,6.9,50,5.9,13.7,8.2,9.7,4.2,25,9.4,4.96,6.05,5.35,9.14,19,16,2.6,15,16,9.3,11,63,6.7,19.6,13,5.4,5,26,7.1,7.16,5.98,6.05,8.97,11.53,13.83,2.94,2.89,191.59,229.68
28-Nov,59,11,7.5,8,12,25,12,6.9,19,5.3,39.8,5,15,4.2,8.5,7.5,7.51,5,5.39,7.92,13,16,2,23,30,19,11,28,5.7,43.4,12,12,5.2,8,6,9.23,5.77,6.4,6.72,11.19,13.81,2.85,2.89,194.44,232.57
29-Nov,60,7.4,8,7.8,56,25,50,6.6,14,4.9,15,6.4,11,4.6,7.1,7.1,5.43,7.9,6.9,7.37,12,18,2.3,85,25,88,10,18,7.2,18.7,11,8.4,5.2,4.9,5.6,4.3,6.97,7.38,6.54,13.61,18.13,3.47,3.79,197.91,236.36
30-Nov,61,6,33,7.4,16,11,108,6.6,12,4.8,36.1,7.6,28,4.2,6.5,6.7,4.59,39.9,5.65,6.84,8.5,56,4.2,23,15,143,11,14,5.5,39.5,12,47,4.5,4.9,6.4,4.11,53.9,6.47,6.56,18.47,24.5,4.71,5.12,202.61,241.48
1-Dec,62,5.2,25,7.2,12,32,26,39,10,6.6,20.2,59,12,3.9,6.3,18,5.72,77.7,6.19,6.57,7.2,40,3.2,20,41,43,51,11,9,22,70,8.2,4.6,5.1,12,4.51,84.7,6.82,7.86,19.93,23.75,5.08,4.97,207.69,246.45
2-Dec,63,4.5,12,7,10,24,15,28,9.2,7.2,14.6,50,8.6,10,5.9,13,40.5,30.8,5.23,8.93,5.5,20,2.2,8.2,27,21,37,6.6,6.6,13.8,51,6.5,13,5,6.1,49.5,41.3,6.18,8.1,16.02,17.61,4.08,3.68,211.78,250.13
3-Dec,64,4,9,6.8,9,12,11,13,8.6,5.5,100,20,6.9,29,5.5,11,28.3,16.8,4.76,51.4,3.1,16,1.5,10,15,19,15,6.4,6.3,105,17,5.2,43,4.9,5.9,37.5,20.3,5.99,41,18.56,19.9,4.73,4.16,216.51,254.29
4-Dec,65,3.7,7.9,6.4,8,9.6,9,11,8.2,5.7,42.6,13,6.1,16,5.1,7,12.6,11.2,4.47,19.5,5.3,16,1.5,6.1,8.8,14,11,6.2,10,47.3,6.4,6.1,16,4.6,5.7,17.5,7.49,5.85,20.4,10.9,11.38,2.78,2.38,219.28,256.67
5-Dec,66,3.4,12,6.2,7.2,8.6,8.3,9.2,7.8,5.4,20.5,11,7.1,52,7.1,5.2,9.96,10.9,5.18,12.4,4.6,24,1.6,6,7.2,12,6.5,6.5,7.8,22.2,5.7,10,112,5.9,5.5,15.8,7.93,6.24,11.1,11.02,14.66,2.81,3.07,222.09,259.74
6-Dec,67,3.3,10,5.8,6.6,7.8,7.7,8.4,7.4,5.4,15.1,7,12,16,31,4.8,8.88,8.37,22.6,10.3,2.7,19,1.2,5.6,4.8,11,4.1,5.9,4.7,15,6.2,17,21,31,5.3,13,6.84,14.7,7.9,10.44,10.37,2.66,2.17,224.75,261.91
7-Dec,68,3.2,8,5.5,6,7,7,7.7,7,5.2,12.6,6,11,11,10,4.5,7.81,7.61,8.6,9.18,1.7,10,2.1,5.2,9.6,8.4,5.5,5.4,4.7,15.7,5.8,14,11,5.8,5,10.9,6.49,7.07,6.93,7.63,7.44,1.94,1.56,226.7,263.46
8-Dec,69,3.1,6.7,5.4,5.6,6.4,6.4,7.2,6.7,5.2,10.5,5.4,8.5,9.1,7.4,5,6.78,7.13,6.45,8.84,1.1,7.6,2.5,5,11,4.5,6.9,4.9,4.6,14,5.2,8.2,6.4,4,6.3,4.93,7.81,6.61,7.11,6.73,6.25,1.71,1.31,228.41,264.77
9-Dec,70,3,6.2,5.2,5.4,6,6.2,6.6,6.3,6.8,9.5,5.2,6.8,8.2,6.4,6.5,6.09,6.41,5.57,8.84,1.1,6.5,1.7,4.8,8.7,4.4,3.7,4.6,7,10,4.9,4.7,6.6,4.5,8.4,8.85,6.24,6.17,7.13,6.38,5.79,1.63,1.21,230.04,265.98
10-Dec,71,3,5.7,5.2,5.2,5.7,6,6.2,6.3,34,8.5,5,5.9,29,6.1,9,6.52,6,5.08,8.69,2.2,5.9,1.2,4.9,6.2,5,5.2,4.7,40,9,5,4.4,40,4.7,11,9.77,6.22,6.13,7.66,8.79,9.43,2.24,1.97,232.28,267.95
11-Dec,72,2.9,5.4,5,35,7.3,5.7,6.2,6.1,13,7.8,4.3,6.2,33,5.9,7.4,8.41,5.68,4.76,8.58,4.5,7.2,1.6,32,3.2,5.3,5.9,6,9.1,8,5,4.3,39,4.3,5.7,11.6,6.04,5.92,6.28,9.4,9,2.4,1.88,234.68,269.83
12-Dec,73,2.8,5.1,5,36,6.1,5.4,5.7,6.2,11,7.3,14,4.4,14,5.8,6,10.7,5.52,4.66,7.18,6.1,6.9,2.6,32,3.7,7.4,6.5,6.1,7.7,6.5,10,4.6,15,4,5.6,14.2,6.07,5.59,5.99,8.57,8.24,2.18,1.72,236.86,271.56
13-Dec,74,2.8,6.6,4.8,17,5.6,5.2,7.4,6,10,7.1,46,4.2,10,5.5,5.2,7.84,5.46,4.54,6.85,5,11,3.5,13,3.1,6.2,11,6.5,9.2,7,67,4.8,7.4,4.2,5.4,11.2,5.85,5.64,5.6,8.85,10.14,2.25,2.12,239.12,273.68
14-Dec,75,2.7,7.4,5.7,13,5.2,5,12,5.8,9.4,7,20,4.5,8.9,5.2,4.9,7.74,5.2,4.36,6.77,1,11,3.2,10,2.7,8.4,16,7,7.5,7.2,16,4.6,6.4,4.5,5.2,12.3,5.72,5.64,5.89,7.41,7.38,1.89,1.54,241,275.22
15-Dec,76,2.6,6.2,6,11,4.9,4.8,13,5.6,20,7,14,13,8,5,4.5,18.7,4.97,4.18,9.02,1,6.2,2.4,9.5,2.4,8,17,4.4,22,5.5,9,21,7.2,4.9,4.8,46.5,5.57,5.55,8.3,8.55,10.06,2.18,2.1,243.18,277.33
16-Dec,77,2.5,5.4,5.2,10,4.7,4.6,16,5.4,18,6.8,10,28,6.9,4.5,4.4,14.5,4.94,4.09,7.07,2.3,2.1,1.2,12,2.6,3.7,21,4,19,4.8,6,44,6,4.5,4.7,22.1,5.55,5.52,6.97,8.58,9.37,2.19,1.96,245.37,279.29
17-Dec,78,70,5.2,4.8,9.2,4.5,4.5,11,5.2,12,6.6,8,9.2,6.4,3.8,5.6,11.2,4.8,3.89,6.65,92,2.9,0.9,15,4.9,5.7,12,4,11,4.5,5.4,11,6.5,4,5.1,14.1,5.76,5.58,7.61,10.13,11.47,2.58,2.4,247.95,281.68
18-Dec,79,33,5,4.4,8.6,4.4,4.4,9.9,5,9,6.2,6.7,5.9,7.1,3.5,6.9,35.2,60.5,3.8,6.55,45,3.6,0.9,16,3.5,3.5,8.4,4,7.5,4.7,5.2,7,10,4.2,5.4,53.4,71.5,5.65,6.16,11.9,13.98,3.03,2.92,250.99,284.61
19-Dec,80,13,5,3.8,8,4.3,4.3,8.3,4.8,8,5.8,6.1,6.5,7.9,3.4,5.4,13,21.5,5.05,6.5,17,3.5,3.3,7.5,2.9,3.5,9.3,3.9,7,4.8,5.2,8,10,4,5.5,11.8,15.5,6.17,5.77,7.4,7.09,1.89,1.48,252.87,286.09
20-Dec,81,9,4.8,32,7.4,4.2,4.1,7.4,4.8,7.2,5.7,5.8,5.9,6.3,4,5,8.68,17.3,4.79,5.84,11,3.9,34,5.2,2.5,3.6,6.6,6.8,5,4.9,5.4,7.3,6.7,3.9,5.1,5.61,11.3,5.79,6.63,7.91,7.43,2.02,1.55,254.89,287.64
21-Dec,82,7.6,4.6,16,7,4.1,4.1,6.8,4.7,6.8,5.5,5.5,6.2,17,51,4.8,7.62,14.1,3.97,130,9.6,3.1,18,4.6,2.3,7,6.5,4,6,4.7,5.1,8,24,25,4.9,9.01,7.79,5.44,133,16.18,15.16,4.12,3.17,259.01,290.81
22-Dec,83,7.2,4.2,8.7,6.8,4,3.9,6.4,4.7,6.6,5.2,5.3,16,21,114,5.2,27.7,10.9,3.94,195,6.4,2,6.7,7.6,4.9,3.3,6.6,3.7,6,4.5,5.1,24,22,110,4.9,53.2,6.07,5.69,223,24.04,26.61,6.13,5.57,265.14,296.38
23-Dec,84,7,4.3,7.1,6.8,54,3.9,28,14,6.4,5,5.1,5.6,15,70,4.6,23.3,7.79,4.28,37.1,6.2,3.3,5,10,56,3.4,42,8,11,4.4,5.1,7.2,6.2,80,4.7,49.7,5.89,5.87,36.4,16.28,18.44,4.15,3.86,269.29,300.24
24-Dec,85,6.4,4.4,6.6,52,40,3.8,20,50,6.2,4.9,4.8,4,9.9,19,21,35.6,6.52,4.82,19,6.2,3,3.4,69,45,3.1,24,40,8.7,4.3,4.9,5.3,5.5,26,26,73.5,5.76,5.68,21.9,16.79,20.07,4.28,4.2,273.57,304.43
25-Dec,86,5.8,4.1,6.2,63,24,3.8,12,13,16,4.2,4.6,4.9,7.7,11,75,16.7,5.98,4.09,10.9,6.8,1.7,1.4,78,20,5.6,14,16,11,4.2,4.8,5.8,5.2,14,103,29.6,5.63,5.5,14.8,15.42,18.26,3.93,3.82,277.5,308.25
26-Dec,87,5.2,3.9,5.8,18,15,3.7,12,9.6,8,4.2,4.3,4.3,7,8.5,21,11.2,10.7,3.82,7.52,6.2,1.3,1.3,24,12,9.4,16,13,7.1,4.1,4.7,5.2,7.4,12,23,18.5,5.72,5.1,7.91,8.62,9.68,2.2,2.02,279.69,310.28
27-Dec,88,5,3.8,5.6,13,12,3.7,9.6,8.5,12,4.7,4.2,3.8,7.2,7.6,14,23.9,37.5,3.6,6.08,4.9,0.98,1.3,17,5.9,6.8,12,12,16,5.7,6,4.8,6.8,9,12,36.2,25.4,4.96,7.89,9.78,10.3,2.49,2.15,282.18,312.43
28-Dec,89,4.7,3.8,5.2,11,10,3.6,8.8,7.8,68,4.6,3.9,12,6.8,7.2,20,15.7,11.8,3.42,20.4,5,0.9,1.9,16,8.7,4,12,11,86,5.3,5,14,7.5,5,23,20.1,14.1,4.83,22.9,12.04,14.06,3.07,2.94,285.25,315.37
29-Dec,90,4.3,3.7,5,10,8.4,8,8.2,7.4,27,4.8,3.6,10,6.1,6.6,14,12.9,9.38,3.43,41.9,4.6,0.91,2.4,17,7.5,5.6,5.4,11,39,5.4,4.7,12,7.8,4.8,14,10.8,10.7,4.69,45.4,10.25,11.25,2.61,2.35,287.86,317.72
30-Dec,91,4.2,3.6,4.8,11,7,15,7.8,7,12,4.7,4,8.5,5.6,6.4,8.2,10.7,7.93,3.31,15.9,4.6,0.9,2.8,24,6.9,12,8.6,12,18,5.2,4.7,11,6,5,8,8.17,10.1,4.56,13,7.77,8.71,1.98,1.82,289.85,319.55
31-Dec,92,4.1,3.6,9,10,9,7.4,7.4,6.8,9.4,4.7,4.6,5.1,5.2,5.8,11,8.8,7.45,3.21,11.9,6.7,0.9,15,17,9.5,7,7.5,12,14,4.5,4.6,5.3,5.4,5,13,8.39,10.7,4.43,14.8,7.08,8.72,1.8,1.82,291.65,321.37
1-Jan,93,4,3.5,25,9.6,12,6,7,6.6,7.6,4.8,9,6.6,4.9,5.2,13,7.27,6.7,3.11,14,7.2,0.9,30,14,16,7.6,4,9.2,10,4.4,10,7.8,5,5.2,16,8.47,10.1,4.3,17.3,8.2,9.87,2.09,2.06,293.74,323.43
2-Jan,94,3.9,3.5,11,9.4,10,5.4,6.6,6.4,6.6,4.8,17,7.6,4.8,4.9,8.5,6.34,5.89,3.09,10.1,6.9,0.91,8,13,7.9,3.8,4.7,6.3,9,4.2,18,8.5,4.7,4.5,8.5,7.35,9.4,4.17,6.91,7.15,7.2,1.82,1.51,295.56,324.94
3-Jan,95,3.8,3.4,10,9.2,10,5.1,6.4,6.2,5.8,4.6,10,6.1,5,4.6,6.7,5.94,5.8,3.11,8.66,6.8,0.8,6,17,14,5,4,4.1,7,3.9,8,6.8,4.2,4.6,6.2,6.11,9.74,4.1,7.07,6.34,6.6,1.62,1.38,297.18,326.32
4-Jan,96,3.8,3.4,9.4,8.6,8,4.8,6.2,6,5.4,4.6,7.5,5.5,5.3,4.5,6.1,5.67,6.46,3.07,8.44,1.5,0.8,7,21,9.1,4,3.4,6,5.8,4.3,5.5,6.5,5,4.2,6.5,5.54,10.2,4.07,13.1,5.93,6.5,1.51,1.36,298.69,327.68
5-Jan,97,3.7,3.3,8.6,8.2,7.2,4.7,18,5.8,5.2,4.5,5.5,4.5,4.5,4.5,7.3,5.6,5.97,3.02,8,1.1,0.8,9,15,4.4,5.2,23,7.8,8,4.2,5.3,5,4.7,4.2,7.2,5.35,6.12,4.05,11.7,6.22,6.95,1.58,1.45,300.27,329.13
6-Jan,98,3.7,3.3,7.6,7.8,6.4,4.4,175,5.6,5,4.5,5,4.1,4.2,43,8,5.44,5.83,2.96,7.66,4.6,0.81,8.1,8,3.5,6.6,192,8.4,8.4,4.1,5.2,4.8,4.6,16,7.8,5.64,5.58,3.98,10.7,16.29,16.25,4.15,3.4,304.43,332.53
7-Jan,99,3.6,3.4,6.6,7.4,5.8,4.3,44,18,4.8,4.3,4.2,4,4.2,9.5,6,5.13,5.59,2.86,6.95,4.2,0.8,7.4,7.8,4.9,3.6,52,22,6.4,4.1,5.2,4.7,4.6,10,5.7,5.75,4.96,3.93,7.61,7.93,8.72,2.02,1.82,306.45,334.36
8-Jan,100,3.5,3.3,5.8,7,5.4,4.2,23,80,4.6,4.2,3.5,3.9,4,7.2,5,4.5,5.34,2.83,6.76,3.2,0.8,7.2,7.4,4.3,3.4,34,88,4.6,4.1,4.8,4.7,4.6,8.5,6,5.32,5.89,4.17,10.3,9.69,11.12,2.47,2.33,308.92,336.68
9-Jan,101,3.5,3.3,5.1,6.6,5,4.1,17,88,4.4,4.1,3.7,3.6,4,5.9,5,4.38,5.03,2.83,6.87,4.3,0.81,6.5,7,4,3.9,17,97,7.2,3.6,4.9,4.4,4.3,6,5.6,5.13,6.85,4.23,8.06,9.6,10.57,2.45,2.21,311.36,338.89
10-Jan,102,3.5,3.5,4.9,6.2,4.6,3.9,13,31,4.2,4.1,4.1,3.7,4,5.2,4.6,17.5,4.78,2.84,6.62,4.1,0.8,6.1,6.6,3.4,4.6,15,51,4.6,3.3,5.4,4.6,4.3,4.5,6.1,26.3,5.39,4.13,6.4,6.96,8.77,1.77,1.83,313.14,340.72
11-Jan,103,3.5,3.6,4.8,5.8,4.5,5,12,20,4.1,4,3.8,3.5,3.9,76,4.3,18.7,4.82,3.4,6.1,4,0.8,6.1,6.2,2.9,9.8,15,27,4.4,3.9,4.7,4.3,4.3,62,5.8,24.8,8.55,3.91,6.29,10.1,10.78,2.57,2.25,315.71,342.98
12-Jan,104,3.3,3.4,4.7,5.4,4.4,34,11,19,3.9,3.8,4.2,3.4,4.2,52,4.3,6.2,34.5,158,5.86,4.6,0.8,6.3,5.8,3.7,45,8.9,18,5.2,4,5,4.2,5,45,5.9,5.88,23.4,132,6.71,19.24,17.65,4.9,3.69,320.61,346.67
13-Jan,105,3.5,3.2,4.6,5.2,10,12,12,14,3.8,3.7,4,3.5,18,7.9,4.1,7.13,57.1,54.5,5.63,5.2,0.8,5.9,5.6,11,19,17,13,6,3.7,4.6,4,20,7,5.3,7.03,33.7,52.7,7.02,12.31,12.03,3.14,2.52,323.75,349.19
14-Jan,106,3.2,3.2,4.6,4.9,48,59,11,12,3.7,3.7,3.8,3.6,40,22,3.8,6.28,19.5,11.8,5.54,5.2,0.8,5.3,8.4,73,78,6.2,12,4.8,4,4.5,3.8,54,20,5.3,6.03,13.3,13.3,6.91,14.19,17.1,3.62,3.58,327.37,352.76
15-Jan,107,3.2,3.2,4.6,4.7,18,30,10,11,3.6,3.7,3.8,4.1,16,20,3.7,5.85,16.5,7.99,5.5,4.3,0.8,5.6,7.9,13,34,4.3,14,4.6,3.9,4.6,3.5,17,22,5.6,5.78,11.4,9.76,6.69,9.23,9.41,2.35,1.97,329.72,354.73
16-Jan,108,3.2,3.2,4.4,4.6,13,24,8.8,10,3.5,3.6,3.7,4.9,10,12,3.6,5.59,12.9,7.06,5.45,3.9,0.8,5.1,7.5,6.9,25,5.8,10,4.4,3.8,4.2,3.7,8.9,13,5.4,5.53,10.4,7.96,6.1,7.55,7.28,1.93,1.52,331.65,356.25
17-Jan,109,3.2,3.1,4.2,4.5,10,22,7.8,9.2,3.4,3.5,3.8,3.6,8.8,9.3,3.4,5.39,11.2,6.31,5.23,2.1,0.79,4.8,7.3,5.6,19,14,13,4.2,3.9,4,4.1,7.5,9.3,5.2,5.59,9.88,7.46,5.06,6.73,6.99,1.72,1.46,333.36,357.71
18-Jan,110,3.3,3,4.2,4.4,9,80,7,8.4,3.3,3.7,4.1,2.8,7.2,8.3,3.4,5.13,7.43,5.76,5.22,1,0.8,4.5,7.3,5,105,7.8,7.2,4.4,3.8,4.3,4.3,7,12,5.3,5.26,9.44,6.86,5.82,9.24,10.9,2.36,2.28,335.72,359.99
19-Jan,111,3.2,3,4.2,4.3,8,40,6.4,7.4,3.2,3.7,3.5,3.4,5.6,7,3.4,5.08,5.56,5.48,5,4,0.8,4.4,7.3,4.5,54,3.4,4.5,4.2,4,4.2,4,6.4,10,5.3,5.29,8.97,5.96,6.29,6.71,7.76,1.71,1.62,337.43,361.62
20-Jan,112,3,3,4.1,4.2,7,19,6,7,3,3.6,3.3,3.1,4.9,6.5,3.2,4.94,5.23,5.52,5.1,4.5,0.78,4.4,2.8,4.1,23,3.3,4.2,3.9,4,4.3,4,5.2,8.3,5.4,5.31,8.66,5.58,6.33,5.35,5.69,1.36,1.19,338.79,362.81
21-Jan,113,3.1,3,4.1,4.1,6.4,30,5.6,6.6,3,4.3,3.2,3,4.4,5.9,3.1,4.79,6.5,5.2,5,4.1,2.3,4.3,2.6,4,44,3.2,5.8,3.9,4,4.4,4.1,5,7.5,5.4,5.07,9.72,5.49,6.11,5.86,6.89,1.49,1.44,340.28,364.25
22-Jan,114,3,3,4,4,5.8,20,5.3,6.2,2.9,4.1,3.1,3,4.2,5.9,3.1,4.7,8.82,4.91,5,1.3,3.9,4.3,3,3.6,30,3.2,8,3.9,3.7,4.5,4,4.6,6.5,5.3,4.81,11.7,5.45,5.9,5.32,6.19,1.36,1.3,341.64,365.54
23-Jan,115,3,3.1,4,3.9,5.4,12,5,5.8,2.8,4.3,3,2.9,3.9,5.5,3,4.6,6.88,9.21,4.84,2.7,3.9,4.3,5.3,3.8,12,3,5.2,3.8,3.5,4.4,3.9,4.4,6,5,4.79,10,10.5,5.83,4.9,5.39,1.25,1.13,342.89,366.67
24-Jan,116,2.9,4.3,4,3.8,5,11,4.7,5.4,2.8,4,2.9,3.9,3.4,5.3,2.9,4.57,6.82,8.21,49.8,3.1,4.9,4.3,6.2,4.4,13,3,4.7,5,3.9,4,4.8,4.4,5.5,4.9,4.71,10.5,8.45,43.2,7.14,7.52,1.82,1.57,344.71,368.24
25-Jan,117,2.9,4.2,3.9,3.7,4.5,9.5,4.5,5.2,2.7,46,2.8,4.5,3,5.1,2.9,4.53,6.05,6.08,24.9,3,0.97,4.2,5.5,3,12,3,8,5.6,48,4.2,4.4,4.3,4.8,4.8,4.6,9.22,6.46,23.8,7.73,8.41,1.97,1.76,346.68,370
26-Jan,118,3,3.8,3.9,3.6,4.2,8.6,4.4,5,2.6,35,2.8,3.6,2.8,4.6,2.8,4.44,9.77,5.9,12.5,4.2,3.6,4,3.2,2.2,12,3,10,5.7,34,4.5,4.2,4,4.4,4.8,4.66,12.2,6.32,13,6.49,7.37,1.65,1.54,348.34,371.54
27-Jan,119,2.9,3.8,3.9,3.5,4,7.6,4,4.8,2.5,12,2.8,5.2,2.4,4.2,2.7,4.44,7.46,5.68,9.67,4,4.9,3.8,2.7,4,11,2.9,7.3,5.8,8.6,4.4,4.9,3.8,4.4,4.5,4.66,11.5,6.24,9.72,4.92,5.74,1.25,1.2,349.59,372.74
28-Jan,120,2.8,4,3.8,3.5,3.8,7,3.8,4.7,2.5,9,2.7,4.5,2.4,3.9,2.7,4.43,6.36,5.47,9.15,3.9,5.1,3.7,3,5.3,11,2.8,5.8,5,5.9,4.3,5,3.9,4.2,4.3,4.61,9.67,6.23,9.27,4.55,5.42,1.16,1.13,350.75,373.88
29-Jan,121,2.8,4.1,3.8,3.5,3.8,6.8,3.7,4.4,2.5,8,2.6,4.4,2.6,3.7,2.6,4.42,5.84,5.22,8.63,2.6,1,3.7,4.5,3.9,13,4.6,4.8,5.6,9.8,4.2,4.5,3.6,4.2,4.2,4.54,8.83,5.63,9.03,4.39,5.38,1.12,1.13,351.87,375
30-Jan,122,2.9,3.8,3.7,3.4,3.7,6.9,3.5,4.8,2.6,6.5,2.6,4,10,3.6,2.6,4.43,5.52,5.08,8.08,4,0.8,3.6,5.5,3.1,14,5.4,5.8,4,5.5,4.1,4.5,12,4,4.3,4.43,8.4,5.4,8.45,4.62,5.65,1.18,1.18,353.05,376.18
31-Jan,123,2.9,3.4,3.4,3.4,3.7,6.7,3.5,4.6,2.5,6,3,3.9,64,3.5,2.6,4.51,5.39,4.87,7.85,4.1,0.75,3.5,5.4,2.7,14,4.2,4.4,3.7,5.2,4.4,4.5,77,3.9,4.2,4.55,8.92,5.21,8.51,7.35,8.9,1.87,1.86,354.92,378.04
1-Feb,124,2.8,3.4,3.2,3.4,3.5,6.2,3.4,4.5,2.4,5.8,3,5.4,21,3.4,2.5,7.64,5.28,4.74,7.2,2.3,0.75,3.6,5.3,3,8.3,5,5.5,3.6,4.4,4.2,8.9,23,3.7,4.6,6.21,8.81,5.45,8.11,5.2,6.04,1.32,1.26,356.25,379.31
2-Feb,125,2.7,3.4,3.2,3.4,3.5,5.9,3.3,4.5,2.4,5.5,3.1,5.2,9.5,3.4,2.5,4.26,5.02,4.4,6.72,3.3,0.77,3.7,5.3,2.2,11,2.7,6.5,4.4,4.4,4.1,7.8,12,3.7,4.5,5.05,8.58,5.04,7.51,4.31,5.4,1.1,1.13,357.34,380.44
3-Feb,126,2.8,3.3,3.1,3.3,3.4,12,3.3,4.4,2.4,5,3.2,4.1,6.1,3.3,2.4,6.08,4.79,3.86,5.8,4,0.78,3.6,5.3,2.3,18,4.2,3.6,4.3,4.4,4,5.1,8,3.6,4.3,5.74,8.15,4.48,7.05,4.35,5.31,1.11,1.11,358.45,381.55
4-Feb,127,3.1,3.3,3.2,3.3,3.4,14,3.1,4.2,2.4,4.8,2.8,3.9,4.3,3.2,2.4,12.6,4.64,4.3,8.13,3.7,0.81,3.6,3.8,3.5,21,5.4,3.9,4.2,4.3,3.9,4.9,7,3.7,4.3,16.7,7.12,4.71,10.7,4.79,6.17,1.22,1.29,359.67,382.84
5-Feb,128,2.9,3.3,3.2,3.2,3.4,49,3.1,4.2,2.4,4.4,2.5,5.3,3.1,3.1,2.4,6.22,4.55,4.23,29.2,3.4,0.75,3.6,2,2.5,59,5.6,3.5,4,4.2,4.1,4.5,6.5,3.6,4.3,6.31,7,5.34,36.8,7.35,8.79,1.87,1.84,361.55,384.68
6-Feb,129,3,3.2,3.2,3.2,3.4,22,3,4.1,2.4,4.3,2.6,5,2.4,3.1,2.4,5.26,4.39,3.99,15.2,4.1,0.76,3.5,3.5,2.5,33,5.8,9,4.4,4,4.1,5,5.2,3.6,4.3,5.6,6.94,5.39,22.2,5.06,6.99,1.29,1.46,362.84,386.14
7-Feb,130,2.7,3.2,3.2,3.2,3.5,13,3,4.1,2.3,4.1,2.4,4.4,2,3,2.3,4.75,4.47,3.94,8.63,2.6,0.78,3.5,5.2,3.7,21,4.2,8,5,4,4,5.7,4.7,3.5,4.2,5.23,7.01,5.16,15.3,4.12,5.94,1.05,1.24,363.89,387.38
8-Feb,131,2.6,3.1,3,3.2,6,11,2.9,4,2.4,4,2.5,4.2,2.2,2.9,2.3,4.5,10,3.8,7.8,3.4,0.86,3.3,5.1,6.4,9.3,2.7,7,5.2,4,4,4.6,4.4,3.5,4.1,5.08,9.26,4.88,16.5,4.34,5.45,1.11,1.14,364.99,388.52
9-Feb,132,8.6,3,3,3.1,6.6,9,2.9,4,2.3,3.8,2.6,4,2.3,2.9,2.3,4.51,8.64,3.79,7.42,5.6,0.81,3.4,5,4,5.2,2.7,6.8,5,4,4.8,4.7,4,3.5,4.1,5.34,7.24,4.87,13.3,4.46,4.97,1.14,1.04,366.13,389.56
10-Feb,133,52,3,2.8,3.1,4.8,7.6,2.9,3.9,2.3,3.7,2.4,3.9,2.1,2.8,2.2,4.32,6.66,3.83,7.26,40,0.79,3.1,5,2.8,6,4.2,6.6,5,4.1,3.9,4.4,4.3,3.4,4.1,4.93,7.76,5.49,10.2,6.4,6.64,1.63,1.39,367.76,390.95
11-Feb,134,16,10,2.7,3,4.3,7,2.8,3.9,4.8,3.7,2.3,3.5,2.6,2.7,2.2,4.09,5.54,3.8,6.93,14,8.8,2.6,4.9,2.5,15,4.1,6.6,8,4.1,3.8,4.4,5,3.1,4,4.2,7.06,5.51,10.7,4.83,6.23,1.23,1.3,368.99,392.25
12-Feb,135,8.6,5,2.7,3,4,6.6,2.8,3.9,30,3.5,2.3,3.8,3,2.7,2.2,4.2,4.99,6.07,6.64,8.2,1.4,3.4,4.8,2.5,12,4,6.4,38,4.4,3.7,3.9,5.6,3,3.8,4.17,6.8,7.72,10.2,5.58,7.05,1.42,1.47,370.41,393.72
13-Feb,136,5.2,3.8,2.7,3.1,3.9,6.2,2.7,3.8,15,3.4,2.2,4.1,2.8,2.6,2.3,4.58,4.74,4.64,6.54,5.2,0.9,3.2,4.8,2.8,10,3.4,6.2,18,4.6,3.6,4.3,5.4,3,3.5,4.72,6.59,5.17,10.2,4.44,5.56,1.13,1.16,371.55,394.89
14-Feb,137,4.2,3.5,2.7,3.2,3.8,6,2.7,3.8,9,3.3,2,3.3,2.6,2.7,2.3,4.73,4.34,4.21,6.53,5.8,0.85,3.3,4.8,2.8,10,4,6.2,12,4.6,3.8,4.6,5.3,2.9,3.7,5.1,6.34,5.01,8.83,3.94,5.26,1,1.1,372.55,395.99
15-Feb,138,3.5,3.3,2.7,3,3.9,5.8,2.6,3.8,5.8,3.3,2.1,3,2.6,2.5,2.2,4.62,4.23,4.47,6.55,6,0.84,3.3,4.7,2.5,10,5.4,6,9.6,4.5,4.5,4.3,5.5,2.9,3.6,4.71,6.41,5.2,8.35,3.68,5.17,0.94,1.08,373.49,397.07
16-Feb,139,3.4,3.4,2.6,3,4.3,5.6,2.6,3.8,4.8,3.3,2.8,2.9,2.4,2.6,2.2,19.5,4.15,5.81,6.25,4.9,0.85,3.2,4.7,3.6,9.9,5.4,5.8,8.2,4.8,3.9,4.3,5.2,2.8,3.6,26,6.46,5.95,7.66,4.5,6.17,1.15,1.29,374.63,398.36
17-Feb,140,3.3,3.5,2.6,3,4.4,14,2.5,3.7,4.2,3.2,2.6,3,2.4,2.5,2.2,16.1,4.07,4.77,5.92,4.8,0.83,3.2,4.7,3.3,17,5.4,5.7,7.4,4.8,4,4.3,4.5,2.8,3.4,21.3,6.37,5.54,6.72,4.63,6.11,1.18,1.28,375.81,399.64
18-Feb,141,3.2,3.4,2.6,2.9,3.9,12,2.5,32,3.9,3.2,6,2.8,2.3,2.5,2.1,7.02,4.31,4.44,5.72,4.8,0.79,3.2,4.6,2.7,13,5.4,26,6.9,4.8,5.3,4.2,4,2.8,3.4,6.08,6.7,6.04,6.2,5.62,6.15,1.43,1.29,377.25,400.92
19-Feb,142,3.2,3.3,2.6,2.8,3.7,9,2.5,16,3.8,3.1,11,2.7,2.2,2.4,2,6.41,7.81,4.37,5.53,4.5,0.78,3,4.5,4.8,12,6.3,21,6.8,4.8,8,4.2,4.3,3,3.4,5.47,10.8,6.08,5.95,4.97,6.3,1.27,1.32,378.51,402.24
20-Feb,143,3.2,3.3,2.5,2.7,3.6,7,2.5,11,3.5,3,7,2.8,2.2,2.4,2,7.94,6.17,20.2,5.46,4.3,2.7,3,4.5,4.7,11,7.3,12,6.3,4.7,6,4.1,4.5,2.9,3.4,6.62,8.61,20.8,5.84,5.18,6.49,1.32,1.36,379.83,403.6
21-Feb,144,3.1,5.2,2.4,2.7,3.5,5.8,2.4,8.4,3.4,3,4,2.5,2.2,3.2,2.1,9.83,5.08,136,5.34,4.2,5.5,3,4.5,3.5,10,7.3,9.8,6.1,4.6,4.3,4.1,4.8,3.1,3.4,7.94,7.44,152,5.75,11.06,13.23,2.82,2.77,382.65,406.36
22-Feb,145,3,6.6,2.4,2.7,3.4,5.2,2.4,7.6,3.3,3,3.5,2.6,2.3,3.1,2,5.96,5.22,37.7,5.14,4.4,6.2,3,4.5,3.1,7.4,7.1,9.2,5.9,4.6,4.1,4.2,4.6,3.1,3.2,5.11,7.68,38.2,5.45,5.64,6.9,1.44,1.44,384.09,407.81
23-Feb,146,2.9,4.6,2.5,2.7,3.4,5,2.4,6.6,3.3,3,3.2,3.1,2.2,2.7,1.9,5.31,34.5,11.6,5,4.2,4.8,3,4.5,2.5,7.7,7.1,8.7,5.9,4.6,4,4.3,4.6,3.1,3.2,4.9,27.2,10.9,5.22,5.57,6.34,1.42,1.33,385.51,409.13
24-Feb,147,2.9,4.1,2.5,2.7,3.3,4.8,2.3,5.8,3.2,3.2,3,2.7,2.2,2.7,2,10.6,49.3,8.93,5.05,3.9,4.5,2.6,4.4,2.5,9.8,7.1,8.1,5.9,4.8,4.2,4.2,4.6,3,3,6.39,55.2,8.47,4.99,6.38,7.77,1.63,1.63,387.14,410.76
25-Feb,148,2.9,3.9,2.4,2.7,3.2,4.5,2.3,5.4,3.2,3.2,2.8,2.9,2.2,2.6,1.9,155,103,7.95,4.95,3.9,4.4,0.61,4.4,2.7,8.4,7,7.7,5.7,4.9,4.2,4.4,4.4,2.9,3.4,103,144,16.9,4.8,16.68,17.77,4.25,3.72,391.39,414.47
26-Feb,149,2.8,4.7,2.4,2.6,3.2,4.3,2.3,5,3.2,4.4,2.6,2.7,2.3,2.5,1.9,24.1,59,7.59,4.95,4,5.5,0.7,4.3,2.9,7.8,4.8,7.4,5.8,6,4.1,4.3,4.4,2.8,3.3,17.3,83.1,13.5,4.9,7.5,9.84,1.91,2.06,393.3,416.53
27-Feb,150,2.7,6,2.4,2.5,3.2,4.1,2.3,4.7,7.4,3.7,2.4,3,2.4,2.4,1.9,20.2,20.4,6.83,4.88,3.8,6.6,0.62,4.3,4,7.6,3.2,7.1,9.2,5.5,3.9,4.2,4.4,2.8,3.3,15.5,30.8,11.4,5.03,5.44,7.01,1.39,1.47,394.69,418
28-Feb,151,2.6,4.8,2.4,2.6,3.1,3.9,2.3,4.5,12,3.3,2.5,2.7,2.4,2.4,1.9,14.6,14.1,8.24,4.82,3.7,5,0.63,4.5,3.3,7.4,3.2,6.4,15,5,3.9,4.1,4.4,2.7,3.2,14,22.3,15.2,5.43,5.01,6.81,1.28,1.42,395.97,419.42
1-Mar,152,2.6,4.4,2.3,3.5,3.1,3.8,2.3,4.3,8,3.2,2.3,2.5,2.3,2.4,1.9,16.8,58.7,10.8,4.72,3.6,5.4,2.7,5.3,2.6,6,3,6.6,9.2,4.3,3.7,4.6,4.1,2.6,3.3,14.5,64.8,19.6,5.19,7.36,9,1.88,1.88,397.84,421.3
2-Mar,153,2.7,4.1,2.3,6.6,3.1,3.7,2.3,4.2,6,3.2,2.2,2.4,2.2,2.3,1.9,14.2,75.1,8.39,4.53,3.6,4.8,2.9,8,2.5,4.9,3.5,6.3,7,4.4,3.7,4.4,3.6,2.6,3.1,12.3,86.9,15.1,5.08,7.97,9.72,2.03,2.03,399.87,423.34
3-Mar,154,2.6,7.6,2.3,6.6,3.1,3.7,2.2,4.2,5.6,3.3,2.2,2.6,2.4,2.2,1.9,12.5,23.5,6.97,4.35,3.5,9,2.9,10,2.6,3.7,3.4,6.1,6.4,4.5,3.5,4.6,3.4,2.4,3,10.1,26.5,11.5,4.94,5.25,6.42,1.34,1.34,401.21,424.68
4-Mar,155,2.5,9.4,2.3,4.5,3,3.5,2.2,9.2,4.9,3.1,2.2,2.6,2.4,2.2,1.8,12.1,17.8,6.35,4.35,3.5,9,2.9,6.9,2.9,5.8,3.3,9.5,6,3.9,3.4,4.6,3.4,2.4,3.1,9.46,18.2,10.3,4.91,5.07,5.97,1.29,1.25,402.51,425.93
5-Mar,156,2.4,6.6,2.3,6.3,2.9,3.5,2.2,7.1,4.2,3,4.6,2.4,2.3,2.2,1.7,12,25.5,5.87,4.21,3.4,6.8,3,9.7,2.5,5.9,3.3,8.6,5.8,3.7,4.2,4.3,3.3,2.5,3,8.98,17.6,7.36,4.73,5.33,5.72,1.36,1.2,403.87,427.13
6-Mar,157,2.3,5.7,2.3,19,2.9,3.4,2.2,6,4.4,3,21,2.6,2.3,2.1,1.8,9.11,21.6,5.36,4.15,3.4,5.8,3,28,2.5,5.8,3.2,7.5,7,3.7,7.8,4.3,3.2,2.6,3,8.48,16.9,7.53,4.6,6.38,6.75,1.63,1.41,405.49,428.54
7-Mar,158,2.2,5,2.3,10,3,3.3,2.2,5.7,8.6,3.2,16,3.4,2.3,2,1.8,7.23,19.7,5.27,4.14,3.3,5.3,2.9,16,2.5,5.8,3.2,7.6,13,3.9,6.5,4.8,3.2,2.4,3,7.97,15,8.46,4.48,5.65,6.28,1.44,1.31,406.93,429.85
8-Mar,159,2.2,4.7,2.2,6.8,5.6,3.3,2.2,18,15,3.7,10,24,2.5,2,1.7,6.33,25.4,5.12,4.07,3.3,5,2.9,9.9,7,5.6,3.2,21,22,4,4.9,27,3.2,2.4,2.9,8.64,25.4,9.12,4.43,7.62,9.05,1.94,1.89,408.87,431.74
9-Mar,160,2.2,7.8,2.2,5.6,4.6,3.3,2.2,24,8.4,3.6,6.5,39,2.6,2,1.7,31.8,13.7,4.97,3.97,3.2,11,2.9,5.4,4.5,5.4,3.1,28,13,4,5.5,44,3.4,2.4,3,34.8,19.5,8.63,4.41,8.95,10.85,2.28,2.27,411.16,434.01
10-Mar,161,2.2,34,2.2,5,4,7,2.2,10,6.2,3.4,6,12,2.9,2,2.2,110,10.2,4.74,3.96,3.2,52,2.9,3.7,3.5,9,3.1,14,10,3.9,4.6,16,3.6,2.5,3.3,122,15.7,7.98,4.39,12.12,15.02,3.09,3.14,414.24,437.15
11-Mar,162,2.2,12,2.2,5,3.6,12,2.6,8,9.8,3.5,11,13,3.6,2,3.8,65,9.59,4.94,3.96,3,18,2.8,5.8,3,14,3.3,12,14,3.9,7,13,4,2.7,4.5,81.8,12.1,8.36,4.43,9.36,11.46,2.39,2.4,416.63,439.55
12-Mar,163,2.1,8.8,2.2,5,3.4,18,2.2,7,10,3.9,13,11,36,2.1,2.4,25.9,9.67,4.78,3.96,3.1,13,2.9,7.2,2.9,17,3.3,10,12,4,8.2,18,39,2.7,3.6,36.3,12.4,7.85,4.41,9.02,10.94,2.3,2.29,418.93,441.84
13-Mar,164,2.1,7.3,2.2,4.6,3.3,49,2.6,6.6,6.8,3.9,8.8,39,43,2.2,1.9,21.4,9.2,5.32,3.93,3.1,11,2.7,6.5,2.9,39,3.5,9.4,9.4,4,6,57,44,2.4,3.3,29.6,11.4,7.75,4.25,11.74,13.54,2.99,2.83,421.92,444.67
14-Mar,165,2.1,8.1,2.2,4.4,3.2,76,15,6.3,6.4,4.7,6.7,38,11,2,1.7,15.9,8.91,4.55,4.46,3.1,12,2.7,6.6,2.7,83,18,9.4,8.8,4.5,6.5,59,10,2.4,3.2,21.4,11,7.76,4.87,11.66,14.58,2.97,3.05,424.9,447.72
15-Mar,166,2.1,7.7,2.1,4.3,3.2,24,70,6.2,5.9,9.4,5.7,24,9.3,2.2,1.7,14,8.17,4.59,33.3,3.1,12,2.7,5.9,2.9,31,90,9.2,9.8,5.7,6.8,38,11,2.6,3.3,18.2,10.7,7.42,15.9,12.52,15.06,3.19,3.15,428.09,450.87
16-Mar,167,2.1,12,3.4,4.1,3.2,13,25,6,6.2,8.8,5.4,37,8.3,2.2,1.6,21.6,7.66,4.59,13.7,3.2,18,3.6,5.6,3.6,19,27,8.7,11,10.2,5.8,63,9,2.5,3.1,31.7,9.72,7.14,15.4,9.78,13.54,2.49,2.83,430.58,453.7
17-Mar,168,2.2,8.5,11,4,3.2,11,13,5.5,7.8,11.6,7,40,6.8,2.2,1.7,46.4,5.72,4.54,6.88,3.3,15,12,5.6,4.4,14,15,8.1,14,14,5.2,73,7.6,2.3,3.2,68.9,9,6.53,8.41,10.48,15.24,2.67,3.19,433.25,456.89
18-Mar,169,2.2,7,20,4,3.2,9,10,5.4,12,16.8,31,69,6.2,2.2,1.7,24.7,5.47,4.48,5.93,3.3,11,22,5.4,4.3,13,12,8,15,19.2,23,128,7.3,2.4,3.2,36.1,8.55,6.65,6.65,12.65,17.63,3.22,3.69,436.47,460.57
19-Mar,170,2.2,6.4,11,3.9,3.1,7,8.4,5.4,18,27,21,91,5.7,2,1.8,14.8,5.45,4.42,5.49,3.4,10,13,5.3,3.4,11,9,8.2,24,30.5,18,174,6.9,2.4,3.2,20.2,8.4,6.51,5.97,12.85,19.13,3.27,4,439.75,464.57
20-Mar,171,2.5,5.8,6.3,3.8,3.2,6,6,10,12,41.5,11,78,5.5,2,1.9,11,5.44,4.36,5.34,3.7,9.3,9.5,5.3,3.5,11,7.6,13,14,44.7,14,165,6.7,2.3,3.1,16.8,8.34,6.45,6.06,11.67,18.44,2.97,3.86,442.72,468.43
21-Mar,172,2.4,5.4,38,3.8,3.2,5.6,5.4,6.2,9.2,25.8,8.5,63,5.1,2,1.6,9.62,5.26,4.31,5.22,3.7,8.8,48,5.3,3.5,11,7,9.1,8.5,28.5,12,156,6,2.3,3,14.6,6.3,6.25,6.21,11.03,18.21,2.81,3.81,445.53,472.24
22-Mar,173,2.3,5.2,39,3.7,3.3,5.4,11,5.8,7.8,16.9,7.3,48,4.7,2,1.6,8.05,5.08,4.26,5.37,3.7,8.5,47,5.2,4.4,10,15,8.7,5.8,20.1,10,150,5.4,2.4,3.2,12.9,5.03,6.23,6.47,9.83,17.37,2.51,3.63,448.04,475.87
23-Mar,174,2.3,5,22,3.7,3.3,5.2,27,5.6,7,110.4,6.5,29,4.5,2,1.9,8.15,4.85,4.12,5.38,3.4,7.9,30,5.2,4.9,10,37,7.9,5.8,117.9,9.6,90,5.3,2.2,3.2,11.9,4.95,6.23,5.98,13.57,19.44,3.46,4.07,451.5,479.94
24-Mar,175,2.3,4.8,17,3.6,3.3,5.4,14,5.4,6.6,44.4,5.8,17,4.3,2,2,7.37,4.77,3.86,5.3,3.6,7.4,22,5.1,3.8,10,20,7.5,7.2,47.4,8.9,43,5,2.2,3.2,10.2,4.98,6.07,6.25,8.38,11.78,2.14,2.46,453.63,482.4
25-Mar,176,2.3,4.4,22,7.5,3.3,5.6,12,5.2,6.6,23.3,5.5,13,4.3,2,1.8,12.4,4.68,3.84,4.85,3.3,7.1,29,9,3.5,10,19,7.4,6.7,27.9,8.2,30,5,2.3,3.2,15.4,4.9,6.13,5.65,7.61,10.72,1.94,2.24,455.57,484.64
26-Mar,177,2.3,6.4,54,27,3.3,5.4,11,5.1,6.9,20,6,13,4.5,2,3,10.6,4.56,3.91,4.69,3.2,9.3,66,37,4.4,9.5,18,7.3,7.4,23.6,7.7,26,5.2,2.2,4,14.5,4.85,6.5,5.29,10.19,13.79,2.6,2.88,458.17,487.52
27-Mar,178,2.3,8,30,130,3.7,5.4,49,4.7,14,15,5.8,14,4.6,1.9,3.1,9.8,4.96,3.95,4.63,3.2,13,42,150,7,9.5,63,7.1,16,17.1,7.5,15,5.2,2.1,4,15,5.11,6.45,5.38,16.57,20.72,4.22,4.33,462.39,491.86
28-Mar,179,2.3,4.6,25,40,6.1,6.1,53,4.7,17,14,5.5,9.4,5.2,2.1,2,31.8,14.6,4.56,4.81,3.2,7.2,36,58,10,12,71,6.9,29,14.1,7.1,14,6,2.6,3.5,47,11.3,7.03,5.83,13.3,18.51,3.39,3.87,465.78,495.73
29-Mar,180,2.3,4.7,93,28,9.6,7.7,23,4.6,33,11,5,10,7.8,4.1,1.9,32.6,11.7,6.31,7.43,3.2,7.3,119,46,13,15,33,6.6,44,26.5,7.1,13,8.2,4.2,3.6,48.4,12.5,9.76,10.3,15.99,22.67,4.07,4.74,469.86,500.47
30-Mar,181,2.3,10,66,25,11,10,15,4.5,51,31.3,4.5,8.3,7.2,4.1,1.7,15.4,7.41,44.1,7.08,3.3,14,87,42,20,17,22,6.6,69,32.2,6.2,14,8.3,4.2,3.3,21.9,6.83,59.7,9.85,17.15,23.55,4.37,4.92,474.23,505.39
31-Mar,182,2.3,13,20,21,17,26,13,4.4,26,63.6,4.3,7.4,7.2,3.3,1.7,23.8,6.5,16.9,35.2,3.3,19,33,33,29,38,19,6.7,38,71.2,5.5,13,8.6,3.5,3.3,36.6,5.77,26.7,34,16.45,22.48,4.19,4.7,478.42,510.1
1-Apr,183,2.3,19,16,47,37,113,12,57,16,60.8,4.2,6.8,11,2.9,1.7,143,5.98,11.3,18,3.2,29,21,57,44,160,20,44,24,68.7,7,12,15,4.8,3.2,180,5.64,19.2,22.9,30.79,38.98,7.85,8.15,486.27,518.25
2-Apr,184,2.3,14,11,52,45,71,16,36,24,91.9,4.1,6.3,9,3.6,1.7,37.2,6.08,8.71,10.8,3.2,21,17,61,47,95,22,46,31,100.7,6.9,11,11,5.2,3.4,62.5,5.53,15.2,14.9,23.72,30.5,6.05,6.38,492.32,524.63
3-Apr,185,2.3,18,9.4,27,129,25,16,15,62,116.9,4,5.7,6.3,3.9,10,19,6.66,7.57,9.89,3.2,28,14,37,131,37,20,23,73,136.4,7.1,11,8.3,6,14,26.9,6.34,13.3,13.6,25.98,32.06,6.62,6.7,498.94,531.33
4-Apr,186,2.8,14,8.8,21,57,41,15,13,91,99,5.1,5.6,6.1,3.4,12,12.4,11.1,29.4,9.15,3.9,22,12,29,66,41,18,19,117,114.4,8.1,11,8,5.5,15,19,11.8,40.8,12.2,24.04,30.19,6.13,6.31,505.07,537.65
5-Apr,187,3.7,11,8,15,26,21,12,11,30,52.9,26,5.4,6.9,4.8,6,10.2,10.8,16.8,8.02,5.1,16,11,22,38,27,15,17,45,61,25,9.9,7.8,6.2,8.1,15.6,15.4,29.1,10.6,15.03,20.25,3.83,4.24,508.9,541.88
6-Apr,188,3.7,8.5,7.4,12,27,14,11,12,21,67.7,13,5,5.9,4.4,4.1,9.61,23.7,11.3,7.85,5,14,10,19,39,20,14,20,32,65.5,17,9.4,7,5.8,6,14.1,28,19.4,12.6,14.17,18.83,3.61,3.94,512.51,545.82
7-Apr,189,4.2,7.1,6.8,10,70,15,9.6,17,32,85.7,8.5,4.6,6.3,5.6,3.7,37.5,46.7,9.02,9.34,5.9,13,9.6,17,78,21,12,28,37,104.5,12,9.1,7.3,7,5.7,43.1,39.7,15.8,15.4,20.46,25.32,5.21,5.3,517.72,551.12
8-Apr,190,5,7,6.2,10,70,18,8.4,19,19,55.1,8,4.4,9.5,42,3.7,33.8,20.6,7.6,16.2,6.8,12,8.6,17,85,22,12,31,26,72.5,13,8.9,12,30,5.7,42.8,15.6,13.3,24.9,19.13,24.16,4.88,5.05,522.6,556.17
9-Apr,191,6.6,26,5.9,10,36,13,7.4,28,14,44.4,11,22,24,28,3.2,15.5,16.2,6.96,16.6,9.5,36,8.1,17,50,18,11,41,21,61.5,20,33,34,26,5.2,20.3,10.7,11.9,24.2,17.62,24.13,4.49,5.05,527.09,561.21
10-Apr,192,9.3,48,7.2,9.5,33,13,6.7,57,14,25.1,29,34,32,18,5.5,11.9,63.2,6.26,13,14,67,9.8,16,49,20,9.5,72,21,36,45,47,49,19,7.1,15.5,63.3,10.9,18.2,22.93,31.02,5.84,6.49,532.93,567.7
11-Apr,193,10,21,7.6,8.6,26,16,6.8,35,14,21,130,22,24,58,13,14.3,155,6.06,10.7,15,39,11,15,40,24,9.1,47,22,28.9,172,32,27,60,15,18,164,10.3,15.4,31.53,40.25,8.04,8.42,540.97,576.12
12-Apr,194,16,43,12,9.3,17,31,6.6,95,12,17,99,17,16,44,10,93.3,122,8.78,10.9,23,61,19,16,28,41,9.3,103,19,23.7,123,24,17,52,13,109,121,13.7,16.5,35.78,43.8,9.12,9.16,550.09,585.28
13-Apr,195,31,146,15,13,15,64,6.4,48,11,14.3,51,15,14,51,30,24.9,54.5,25.4,83,40,172,23,21,24,74,9.6,57,16,20.8,55,22,15,50,39,34.5,61.2,31.6,94.4,37.5,45.27,9.56,9.47,559.65,594.74
14-Apr,196,19,182,15,68,15,49,6.4,23,10,13,44,16,15,118,88,16.2,34.7,49.4,63.6,30,211,23,83,24,64,9,34,17,19.8,45,25,16,140,102,24.2,48.8,51.6,65.2,44.49,54.35,11.34,11.37,570.99,606.11
15-Apr,197,14,144,69,31,15,78,6.9,19,12,12.8,32,31,15,227,43,13.7,61.2,19.6,131,24,177,81,45,25,88,8,29,21,19.5,36,52,17,284,53,22.3,74,25.3,142,51.33,64.37,13.08,13.46,584.07,619.57
16-Apr,198,14,144,88,24,20,46,18,25,15,20.2,22,47,40,57,33,13.1,212,16.6,50.8,24,185,96,35,32,56,23,36,24,28.8,28,116,54,90,42,22.9,254,22.3,61.8,47.67,64.78,12.15,13.55,596.22,633.12
17-Apr,199,14,126,27,40,34,20,17,56,19,28,51,30,60,22,78,16.2,131,22.2,26.7,24,186,37,49,50,31,25,65,30,34.4,54,87,91,35,94,32.6,150,27,36,43.06,59.89,10.97,12.53,607.19,645.65
18-Apr,200,13,87,16,79,42,21,18,99,29,34.7,34,14,31,14,68,20.3,42.7,13.5,23.2,22,172,24,88,58,37,29,107,38,35,36,36,43,23,82,45.5,62.7,20.5,31.5,36.81,52.12,9.38,10.9,616.58,656.55
19-Apr,201,10,49,16,140,41,31,27,120,22,30.7,24,10,99,14,42,24.3,38.2,11.2,139,19,116,24,155,59,56,37,131,32,36.9,30,25,159,26,57,56,53.4,17.8,141,46.76,64.79,11.92,13.55,628.49,670.1
20-Apr,202,11,27,47,93,88,29,39,102,20,42.4,42,11,98,13,28,15.3,69.5,13.8,289,21,73,70,103,104,53,51,121,30,50.7,45,34,172,24,36,30.5,88.1,15.8,365,56.74,78.27,14.46,16.37,642.96,686.46
21-Apr,203,32,16,53,35,51,22,62,112,19,36,44,12,33,25,86,13.9,79.1,9.45,184,47,38,79,49,71,48,73,133,27,48.9,47,40,50,41,86,29.9,100,15.7,230,48.66,65.97,12.4,13.8,655.36,700.26
22-Apr,204,162,13,50,68,21,16,82,116,39,28.1,26,22,24,71,49,21.7,65.8,10.9,122,179,25,76,80,38,34,89,137,56,44.6,32,44,34,97,64,59.6,86.9,17.4,154,53.03,70.92,13.52,14.83,668.87,715.09
23-Apr,205,126,12,40,45,48,18,155,115,51,19.6,23,60,22,64,37,16.4,47.1,15.4,118,155,21,58,61,63,32,148,142,67,32.9,29,98,30,93,50,46.7,73,22.6,143,54.34,71.85,13.85,15.03,682.72,730.12
24-Apr,206,205,11,21,42,91,25,154,92,32,15.7,41,24,37,21,20,11.1,40.3,38.4,128,230,19,33,61,128,37,162,131,46,26.1,45,47,57,42,26,22.8,64.2,48.4,156,55.24,72.71,14.08,15.21,696.8,745.33
25-Apr,207,71,12,18,26,40,32,51,56,88,16,58,15,57,15,15,9.26,36.5,97.3,66.6,97,20,27,38,63,51,66,82,120,27.9,60,23,92,33,19,18.4,61.6,112,80,41.03,57.42,10.46,12.01,707.26,757.33
26-Apr,208,47,12,57,39,22,18,39,46,78,15.5,120,12,29,19,13,8.9,66.8,158,69.4,66,19,65,54,40,32,50,67,117,27.5,169,20,42,37,19,15.7,123,187,76,45.77,64.54,11.67,13.5,718.93,770.83
27-Apr,209,50,9.5,68,37,61,14,43,44,60,15,220,31,25,23,21,9.33,64.9,84.7,150,66,16,87,55,93,28,51,70,98,25.1,447,60,37,37,34,15.1,124,117,146,54.23,84.54,13.82,17.68,732.75,788.51
28-Apr,210,43,9.2,52,28,71,11,57,54,68,12,166,17,31,18,28,8.4,59.6,72.2,44.3,59,15,78,42,96,23,71,77,123,19.3,378,28,51,33,49,13.7,125,102,58.2,44.72,75.85,11.4,15.86,744.15,804.37
29-Apr,211,28,15,58,25,44,10,68,78,33,11.4,68,14,36,22,31,7.68,38.8,78.5,25.2,48,22,92,40,61,23,81,105,57,17.1,136,22,64,45,48,13.4,89,117,38.6,36.4,58.9,9.28,12.32,753.42,816.69
30-Apr,212,34,16,27,54,33,11,75,33,20,17.2,47,13,39,23,29,7.38,20.9,45.4,19.4,56,22,51,82,49,26,86,47,39,23.5,96,19,77,42,46,14.1,47.1,76.5,31.7,29.7,48.99,7.57,10.25,760.99,826.94
1-May,213,93,22,30,53,37,13,45,20,52,27.8,36,23,40,55,33,9.53,52.1,62.7,16.2,124,27,56,94,61,31,62,33,93,37.4,77,35,88,86,57,16.6,91.2,100,26.9,37.91,62.95,9.66,13.17,770.66,840.1
2-May,214,105,19,59,46,21,13,37,16,42,44.9,37,22,37,37,41,27.5,75.3,132,27.2,147,23,93,89,39,27,51,28,76,75.8,83,37,93,73,75,43,127,193,35.8,44.15,74.14,11.25,15.5,781.91,855.61
3-May,215,102,30,29,45,16,22,31,16,21,35.3,50,18,28,24,46,21,48,132,52.3,158,34,52,80,30,42,46,30,40,80.4,115,37,70,57,90,32.4,85.4,212,68.9,40.35,71.58,10.28,14.97,792.19,870.58
4-May,216,74,24,19,27,13,18,27,23,18,27.5,86,27,24,71,50,13.1,26.2,149,62,132,28,39,45,23,46,44,39,36,63.8,171,66,61,121,115,21.1,48.4,224,82.2,40.99,73.97,10.45,15.47,802.64,886.05
5-May,217,34,29,18,21,11,16,25,23,15,19.5,56,20,21,132,46,12,32.1,99.1,50.3,73,37,42,37,20,41,40,45,31,44.4,96,51,58,173,120,21.2,50.7,161,72.9,35.79,63.91,9.12,13.36,811.76,899.41
6-May,218,18,35,16,27,10,16,22,23,19,39.1,39,13,18,34,27,11.3,51.2,51.6,55.8,48,58,35,48,21,39,37,48,38,60.2,67,27,52,67,71,32.6,102,107,87,27.68,54.99,7.06,11.5,818.82,910.91
7-May,219,17,30,15,21,10,15,23,20,45,20.4,32,11,15,20,25,9.92,37.5,32.6,65.3,48,73,33,49,21,30,41,44,89,33.1,63,19,47,48,72,39.2,72.6,86.7,98,24.46,52.98,6.23,11.08,825.05,921.99
8-May,220,18,22,13,12,9,10,35,31,33,25.7,25,48,14,17,25,24.2,22.2,24.1,34.1,53,58,32,27,19,22,61,65,63,38.7,55,97,48,47,78,64.2,41.7,68.9,56.7,23.28,52.38,5.93,10.95,830.99,932.95
9-May,221,17,14,13,10,9.3,9,39,18,53,27.3,21,44,14,15,23,13.6,16,25.5,22.5,56,30,30,23,24,21,71,42,94,40.8,49,89,45,45,79,27.4,29.3,79.2,43.4,21.27,48.32,5.42,10.11,836.41,943.05
10-May,222,16,14,10,9.4,12,8.2,39,15,124,18,20,43,11,59,26,10.4,13.2,25,157,54,40,25,23,35,22,73,37,205,28.5,52,86,31,153,91,19.5,24.6,86.5,219,33.17,68.69,8.45,14.37,844.86,957.42
11-May,223,15,11,11,13,13,7.7,33,14,39,22.5,19,65,13,24,46,9.12,11.8,15.8,56.5,55,23,30,41,42,22,68,34,56,28.1,55,124,38,73,119,19.1,24.5,57.2,90.8,23.13,52.62,5.89,11,850.76,968.42
12-May,224,27,11,34,9.5,18,7.5,20,12,23,26.4,17,24,11,18,60,8.35,11.4,9.64,27,75,19,69,28,45,24,41,30,35,30.3,49,43,22,63,136,21.4,25.5,35.7,46.9,19.73,44.15,5.03,9.23,855.79,977.65
13-May,225,24,48,26,7.9,8.6,26,13,10,17,21.9,17,16,8.8,14,28,9.88,11.1,9.14,20.3,60,59,52,25,20,40,27,28,28,28.5,52,27,15,48,64,29.6,28.3,36,37.9,17.72,37.12,4.52,7.76,860.3,985.42
14-May,226,12,61,25,6.9,7.2,30,11,10,15,23.2,20,13,8,13,16,10.1,13,10.9,31.3,28,69,51,22,16,36,22,29,25,31.4,59,20,12,57,32,26,34.3,50.3,42.5,17.72,34.87,4.52,7.29,864.82,992.71
15-May,227,9.3,41,15,13,8.1,15,19,12,14,20.2,67,44,7.5,13,12,22.6,57.7,26.9,27.8,22,55,30,35,19,22,38,35,26,33.1,129,82,11,62,23,39.3,96.9,85.7,37.1,23.43,46.37,5.97,9.7,870.79,1002.41
16-May,228,8.1,53,12,14,8.6,13,90,9.4,18,16.6,81,38,6.9,14,9.8,16.6,19.8,12.7,21.6,21,66,25,33,20,21,128,25,33,31.4,143,60,11,80,20,23.6,47.3,45.8,35.3,24.37,45.76,6.21,9.57,877,1011.98
17-May,229,7.5,126,9.8,8.2,7.2,47,42,7.3,41,12.2,46,20,6.5,61,8.6,14.7,14.2,9.42,25.3,21,176,21,19,16,79,60,21,61,21.6,83,32,11,126,20,22.2,44.3,40.5,45.7,27.05,48.44,6.89,10.13,883.89,1022.11
18-May,230,7,31,8.5,7.3,6.3,54,20,6.5,18,10.1,28,14,5.9,17,7.5,14.2,11.8,7.14,20.8,19,54,19,18,14,103,32,20,24,18.5,63,21,9.3,38,17,22.3,44.8,28.7,45.4,15.53,32.16,3.96,6.73,887.85,1028.83
19-May,231,9.3,19,7.7,9.4,5.7,131,15,15,13,9,25,12,6,11,6.6,11.8,9.91,6.66,26.6,25,33,18,27,13,217,26,33,18,16.5,57,17,9.2,26,16,19.9,33.7,25.1,57.8,18.4,36.22,4.69,7.57,892.54,1036.41
20-May,232,7.2,15,6.9,6.6,5.3,135,15,26,11,8.3,28,9.9,8.2,9,5.4,9.54,8.35,22.6,122,20,26,17,17,13,218,29,42,16,14.8,58,14,12,21,13,16.5,21.9,67.8,171,24.17,42.53,6.16,8.89,898.7,1045.3
21-May,233,5.9,16,7.4,9,5,99,15,16,8.8,7.1,35,8.2,13,7.5,4.8,8.14,7.42,10.2,36,18,25,18,21,12,157,30,30,14,13.2,68,12,20,18,11,15.6,18.1,32.9,62.1,16.81,31.36,4.29,6.56,902.99,1051.86
22-May,234,5.3,14,6.5,6.9,6.2,76,11,11,7.6,6.3,21,8.5,51,16,4.3,11.3,26,10.6,21.2,16,22,14,17,20,106,23,23,13,11.8,42,14,80,31,9.4,17.8,56.3,33.9,43.5,16.88,31.25,4.3,6.53,907.29,1058.39
23-May,235,5.1,14,5.9,22,8,62,9.3,10,6.7,5.9,16,9.9,104,38,3.9,11,16.8,19.4,17.4,15,29,12,39,20,89,20,22,11,10.8,29,18,153,68,8.4,16.5,34.7,41.8,42.2,20.28,35.76,5.17,7.48,912.46,1065.87
24-May,236,4.7,13,6,87,9.7,52,8.7,9.6,6.6,5.5,17,7.8,108,32,3.6,8.08,10.8,8.79,35.1,13,33,12,98,22,83,22,21,11,9.8,36,12,144,62,7.7,13.3,23.6,24.1,67.9,22.84,37.65,5.82,7.87,918.28,1073.75
25-May,237,4,10,7.3,58,6.7,28,7.5,7.3,5.6,5.1,12,6.9,133,18,3.4,6.92,9.71,6.89,27,11,25,15,77,16,57,19,18,9.5,9,23,11,192,37,7.4,11.6,21.7,20.8,56.3,19.12,33.54,4.87,7.01,923.16,1080.76
26-May,238,3.7,11,7.9,28,6.1,18,6.2,6.7,5.1,4.6,24,6.7,69,14,4.3,6.09,22,7.24,85.1,10,28,16,51,15,35,16,17,8.7,8.1,46,9.8,104,31,8.7,10.8,35.9,22.2,130,17.67,31.75,4.5,6.64,927.66,1087.4
27-May,239,6.1,8.7,10,16,6.2,14,6.1,6.5,6.2,4.2,61,5.5,46,12,3.4,5.92,15.5,6.12,24.6,16,25,19,30,15,24,14,18,9.8,7.5,100,8.5,80,25,7.5,10.5,26.6,18.1,45.5,13.9,26.32,3.54,5.5,931.2,1092.9
28-May,240,9.3,7.5,8,17,6.7,12,9.6,5.3,15,3.9,51,4.8,24,12,4.1,5.09,10.3,5.29,27.3,20,23,15,27,15,20,23,14,20,6.9,90,7.9,59,25,12,9.47,19.6,15.5,44.1,12.54,24.55,3.2,5.13,934.4,1098.04
29-May,241,9.4,6.8,11,13,6.2,9.7,6,4.7,45,3.8,35,9,34,10,5.5,5.56,11.7,4.76,24.3,19,23,20,22,13,17,14,12,66,6.6,74,11,78,19,14,11.2,25,14,37,13.44,26.09,3.43,5.46,937.82,1103.5
30-May,242,9.3,8,15,9.3,5.4,8.8,5,4.2,24,3.7,38,8.4,19,7.9,8.7,5.97,26,4.15,16.4,23,25,27,18,12,15,11,11,32,6.3,53,12,43,16,16,12,42.4,12,28.5,11.96,21.85,3.05,4.57,940.87,1108.07
31-May,243,27,17,9.8,7.5,11,8.3,5,15,14,3.4,19,5.6,12,6.7,45,4.54,37.9,3.74,12.7,52,44,20,16,14,15,10,28,20,5.8,29,8.4,26,14,58,9.22,51.6,10.3,23.5,13.96,23.94,3.56,5.01,944.43,1113.07
1-Jun,244,23,13,12,16,9.1,7.7,21,13,9.9,5.6,14,4.6,9.3,5.6,74,4.08,21.2,3.51,10.5,50,28,23,29,13,13,26,24,16,9.5,25,6.1,20,12,93,7.84,31.4,9.14,20.2,14.58,24.01,3.72,5.02,948.15,1118.09
2-Jun,245,32,8.1,12,61,6.4,6.7,9.8,12,8,4.6,12,7.4,37,4.6,41,3.79,13.8,3.32,15.2,70,17,23,101,11,11,14,24,13,6,24,6.6,53,11,46,6.65,24.3,8.38,29.1,15.72,26.26,4.01,5.49,952.15,1123.59
3-Jun,246,24,6.8,7.7,20,5.2,13,7.9,14,6.8,5,11,11,16,10,19,3.58,32.5,3.02,15.1,54,14,14,38,10,21,12,21,11,5.4,21,6.7,25,26,21,6.07,60.6,7.6,22.8,12.19,20.9,3.11,4.37,955.26,1127.96
4-Jun,247,28,6,6.2,16,4.3,14,12,21,6,4.6,8.8,8.9,11,15,11,3.3,21.3,4.9,11,56,12,12,26,9,21,19,32,10,4.9,16,5.6,12,33,12,5.57,36.3,12.4,17.4,11.23,18.54,2.86,3.88,958.12,1131.83
5-Jun,248,34,13,6.9,10,3.7,14,21,14,5.2,14.4,8,8.2,8.5,6.9,10,51.2,14.3,5.11,22.6,56,25,14,20,8.2,19,31,17,9,31.4,14,6.1,9.6,15,11,66.1,25.7,14.1,29.2,14.26,22.18,3.64,4.64,961.76,1136.47
6-Jun,249,15,25,7.1,8,3.4,8.5,9.8,54,4.7,46.1,7.3,7.2,7.7,8.7,16,25.1,39.5,4.17,32.6,31,45,12,17,7.7,14,16,82,8.3,75,12,5.4,12,11,19,28.2,51,10.5,33.3,17.36,25.81,4.43,5.4,966.18,1141.87
7-Jun,250,11,9.9,6.6,7,3.1,7,7.3,23,4.4,31,6.1,5.6,29,7.6,9,11.4,26.1,3.68,14.5,21,18,11,15,7.1,11,12,37,7.9,47.7,11,5.2,58,6.1,13,10.1,35.2,9.02,20.3,11.75,18.72,3,3.91,969.18,1145.78
8-Jun,251,7.8,7.5,6.4,5.9,2.8,7.4,5.9,13,4.2,10.4,5.4,5.4,33,4.9,18,16.5,13.8,3.29,10.5,16,14,10,13,6.3,11,9,23,7.4,18.2,9.4,7.3,49,5.6,37,31.7,22.7,7.81,16.7,9.58,16.58,2.44,3.47,971.62,1149.25
9-Jun,252,6.2,6.4,5.7,9.4,3.3,7.9,7.4,9.1,5.9,7.3,7.1,6,21,3.9,163,32.2,10.8,2.87,8.66,13,12,9.6,23,6.8,6.3,10,17,9.8,13.1,11,7.5,33,9.8,171,66.1,19.5,6.89,14.2,17.06,24.19,4.35,5.06,975.97,1154.31
10-Jun,253,5.2,5.5,7.2,10,3.3,116,5.3,21,5,31.3,6.2,4.3,12,3.4,109,15.6,8.82,2.66,7.43,11,10,13,23,6.7,139,8.8,36,8.8,51.3,9.8,6.3,21,8,139,25.9,16.2,6.48,12.6,19.96,29.1,5.09,6.09,981.05,1160.4
11-Jun,254,5.4,34,6.3,6.1,2.6,96,4.4,29,4.6,20.1,11,3.7,159,3.2,23,10.9,7.28,2.54,35.2,10,58,14,14,5.7,86,7.8,46,8.2,32.8,15,5.8,186,8.1,36,18.1,14,6.5,54,24.44,32.95,6.23,6.89,987.28,1167.29
12-Jun,255,5.6,150,7.7,5.2,2.4,43,3.4,12,35,12.4,34,3.6,88,19,27,17.2,6.23,2.4,13.4,10,181,22,12,5.3,42,6.9,19,47,20.5,45,5.7,113,31,41,31.5,12.3,5.58,21.4,25.66,35.38,6.54,7.4,993.82,1174.69
13-Jun,256,4.6,35,19,4.5,2.3,20,2.8,8.2,12,9.1,19,5.3,26,67,94,46.6,5.6,2.33,9.72,8.9,47,46,10,5.2,24,6.3,16,16,15.5,24,8.2,46,90,114,60.1,11.1,5.43,16.7,20.69,30.02,5.27,6.28,999.1,1180.97
14-Jun,257,4,16,101,4.2,7.6,13,2.5,10,7.3,7.4,11,3.9,15,61,20,17.2,5.04,4.92,8.86,8,24,160,9.3,16,19,4.1,18,11,12.7,16,6.3,27,75,28,24.3,9.97,15.9,15.6,16.84,26.32,4.29,5.51,1003.39,1186.47
15-Jun,258,3.5,40,36,5.5,11,10,2.2,31,14,6.2,8,2.9,11,48,17,10.1,4.66,5.07,8.25,7.2,48,65,14,20,16,3.2,36,13,10.8,11,5.2,20,52,23,16.7,9.12,14.7,14.7,14.44,21.03,3.68,4.4,1007.07,1190.87
16-Jun,259,3.2,40,15,4.2,11,8.2,1.9,12,11,5.5,5.8,2.6,12,18,31,7.11,12.4,2.92,8.43,6.9,47,28,9.9,18,13,3.4,18,12,9.8,9.3,4.9,21,24,46,13.1,22.1,7.79,15.6,11.17,17.36,2.85,3.63,1009.92,1194.5
17-Jun,260,5.3,22,10,3.7,42,7.1,4.4,8.7,6.6,24.2,5.1,2.4,12,12,23,5.63,7.34,2.42,6.82,9.8,44,20,8.5,56,12,4.2,15,9.2,47.1,8.4,4.7,20,16,33,10.9,13.2,6.02,12.1,11.09,18.43,2.83,3.85,1012.74,1198.35
18-Jun,261,3.6,20,8.1,3.4,25,6.1,2.3,7,9.8,10.5,12,2.3,9,44,12,4.78,5.78,34.4,5.9,7.2,37,16,7.8,34,11,3.5,13,12,18.4,23,4.5,16,79,19,9.44,12.3,73.9,10.6,11.89,21.45,3.03,4.49,1015.77,1202.84
19-Jun,262,3,14,7.2,7.1,11,7.4,4.7,7.4,28,6.5,7.8,2.2,7.2,20,19,4.18,25.7,23.7,5.43,6.3,24,14,20,20,12,8.6,13,33,12.4,13,4.4,13,29,25,8.29,50.3,53.5,9.8,11.13,19.45,2.84,4.07,1018.61,1206.91
20-Jun,263,2.7,10,6.3,4.4,6.9,18,15,6,13,5.9,5.5,2,6,13,11,3.78,16.5,5.45,29.2,5.9,18,12,11,14,23,18,12,17,12.5,9.1,4.1,11,18,16,7.55,27.8,17.3,37.1,9.51,15.33,2.42,3.21,1021.03,1210.11
21-Jun,264,2.6,7.9,5.4,3.5,4.9,15,6,5.5,8.9,5.2,4.6,1.7,5.2,11,64,3.93,10.9,3.64,16.5,5.5,15,11,8.4,11,21,11,11,12,10.6,7.7,3.8,10,14,112,8.45,25.4,12.3,24.1,9.81,17.59,2.5,3.68,1023.53,1213.79
22-Jun,265,2.7,9.4,4.9,4.1,4.5,8.2,13,11,7.1,4.4,4.4,1.6,6.7,9,38,5.55,10.1,2.96,8.71,5.6,16,9.7,9.2,11,13,22,17,10,9,7.6,3.7,12,12,68,10.4,21.3,9.78,14.7,8.23,14.84,2.1,3.1,1025.63,1216.9
23-Jun,266,4.6,25,4.4,6.5,3.5,6.7,9.6,23,5.8,9.6,13,1.6,37,8,37,4.2,57.2,2.87,6.53,9.5,41,8.7,14,8.9,11,16,27,8.7,16.7,26,3.5,15,9.7,57,7.83,78.8,8.85,11.4,14.01,19.98,3.57,4.18,1029.2,1221.08
24-Jun,267,5.5,27,3.9,3.9,3,5.7,4.7,20,5,27.6,54,1.5,23,7.4,22,3.51,63.6,3.03,5.47,9.5,44,7.7,8.6,7.7,9.9,8.7,19,6.6,46.9,100,3.4,19,8.7,32,6.58,159,8.75,9.67,15.25,27.14,3.89,5.68,1033.09,1226.75
25-Jun,268,3.5,11,3.7,4.3,2.6,4.8,3.4,14,4.5,14.8,58,3.6,71,48,14,3.22,16.7,3.06,8.44,6,20,7.2,10,6.6,8.7,7.6,16,5.6,28.7,93,5.2,47,84,22,6.01,36.8,9.87,14.7,15.4,22.89,3.93,4.79,1037.01,1231.54
26-Jun,269,2.7,14,3.6,3.7,2.3,90,2.3,8.2,3.8,9.4,62,19,53,26,10,2.99,10.3,2.53,7.03,4.7,23,6.8,8.9,6,114,6,12,5.7,19.6,114,40,44,42,17,5.57,22.4,7.57,12.2,17.52,26.92,4.47,5.63,1041.48,1237.17
27-Jun,270,2.3,37,3.3,3.3,2.2,60,1.7,6.8,4,9.7,27,93,34,14,7.8,2.89,8.9,2.66,5.59,4.3,50,6.8,8,5.1,60,5.3,11,6.2,20.1,45,188,40,20,14,4.67,19,7.8,9.4,17.17,27.61,4.38,5.78,1045.85,1242.94
28-Jun,271,2.1,31,3,3,2,28,1.6,6.7,3.7,31.1,14,24,161,11,27,3.51,9.89,29.6,4.74,3.9,38,6.3,7.2,4.1,35,5.2,11,6.4,55.5,23,33,180,14,33,5.69,17.9,60,8.34,20.89,28.82,5.32,6.03,1051.18,1248.97
29-Jun,272,2.3,13,3.1,3,2.1,19,1.5,8.2,21,17.5,11,9.5,87,8.5,41,4.5,60.2,8.75,10,4.1,19,6.3,7,4.4,24,4.8,12,25,28.2,19,15,91,11,46,6.48,95.7,21.2,20.8,17.43,24.26,4.44,5.07,1055.62,1254.04
30-Jun,273,8.6,9.1,4.4,3.4,2.1,25,1.4,5.7,12,15.5,33,5.6,68,7.2,19,3.38,114,4.39,31.5,9,15,6.6,6.9,4.3,33,4.6,9.9,13,24.6,66,10,72,9.7,22,5.16,113,12.2,33.1,19.65,24.74,5.01,5.17,1060.63,1259.22
1-Jul,274,6,7.4,3.1,3.6,2,16,1.7,4.6,9.1,19.2,21,3.9,44,6.8,72,3.53,32.9,3.3,15.2,7.7,13,4.8,9.6,4.1,24,4.8,8.9,7.9,21.4,44,7.7,43,8.4,67,5.51,40.8,10.1,19.6,14.49,18.54,3.69,3.88,1064.32,1263.1
2-Jul,275,4.1,6.4,2.6,4.5,2.2,25,1.8,4,9.8,13.2,12,3.2,39,6.9,48,3.62,21.5,2.77,7.38,5.8,11,4.5,13,4.2,43,4.8,7.8,10,16.5,22,7.2,44,7.6,43,5.61,30.1,9.11,12.1,11.47,15.86,2.92,3.32,1067.25,1266.41
3-Jul,276,3.1,5.5,2.2,3.2,1.8,13,2.4,4.7,17,8.6,10,3,26,7.3,17,2.93,12.4,2.43,5.44,4.7,9.8,4.2,8.1,3.7,22,5.1,11,25,12.5,18,6.6,31,8,20,5.03,22.2,7.42,9.52,7.79,12.31,1.99,2.57,1069.23,1268.99
4-Jul,277,2.6,5,2.1,2.7,1.6,28,1.8,4.4,73,6.5,17,4.7,113,8.5,12,2.59,8.94,2.19,4.38,4.3,11,4,6.7,3.9,36,4.6,9.6,132,10.5,16,8.9,77,9.5,17,4.55,18.2,6.04,8.31,15.84,20.43,4.04,4.27,1073.27,1273.26
5-Jul,278,2.5,7,2,18,2.8,28,5.6,3.4,23,5.4,8.6,3.5,95,6.6,10,2.41,7.14,2.04,3.79,4.1,14,3.9,24,7.7,36,10,7.5,35,9.1,12,5.1,56,7.6,15,4.12,15.5,5.5,6.62,12.46,14.67,3.18,3.07,1076.45,1276.33
6-Jul,279,2.2,17,1.9,13,3.9,13,7.1,3,13,4.9,13,2.1,46,5.6,8.2,2.29,6.02,4.18,6.05,3.8,28,3.8,31,7.8,19,8.8,6.6,20,7.9,18,4.2,30,6.4,12,3.83,13.7,13.6,17.3,9.08,13.46,2.31,2.81,1078.76,1279.14
7-Jul,280,2.1,8.8,1.9,5.1,2.5,9.9,6.9,2.7,15,4.1,40,2.2,21,5.9,7.8,2.82,6.84,2.54,4.6,3.7,13,3.7,13,5.4,15,6.7,6.1,21,6.9,38,4.2,20,6.5,12,6.03,13,7.92,10.9,8.04,11.21,2.05,2.35,1080.81,1281.49
8-Jul,281,2.2,8.4,2.2,25,2.1,8,27,2.5,17,3.6,13,2.5,16,5.8,11,2.85,18.5,2.16,3.38,4.1,15,4,44,4.6,13,31,5.8,21,6.7,15,4.7,17,9.2,17,4.9,20,6.49,7.63,9.12,13.22,2.32,2.76,1083.13,1284.25
9-Jul,282,2.1,51,1.8,24,39,6.7,32,3.2,14,3.5,8.9,1.9,16,15,8.1,9.09,21.1,1.95,2.87,3.7,89,3.5,43,65,11,34,7,18,6.7,12,4.4,17,23,12,14.2,19,5.75,6.65,13.8,20.78,3.52,4.35,1086.65,1288.6
10-Jul,283,2.5,12,1.7,11,24,5.8,35,2.9,9.3,9.5,6.9,1.5,14,8.6,6.4,38.9,8.79,1.86,2.61,4.8,21,3.3,24,43,9.8,33,6.2,13,11.9,10,4.2,14,10,10,75.2,13.6,5.55,5.99,10.7,16.77,2.73,3.51,1089.38,1292.1
11-Jul,284,3.1,7.7,3.8,6.3,5.1,5.2,28,2.5,14,5.5,5.6,1.5,13,4.6,5.2,14.9,6.75,2.26,2.62,9.4,15,6.7,17,12,8.9,33,5.2,21,7.2,9.1,4.2,15,7.1,8.9,28.4,11.7,6.22,6.04,7.24,12.21,1.85,2.55,1091.22,1294.66
12-Jul,285,3.5,6.2,3.7,15,3,20,30,2.4,30,4.3,9.7,1.3,9.4,3.6,4.4,5.14,5.82,1.84,5.09,9.7,12,6.6,14,8.6,22,38,5,32,5.9,15,4,11,6.1,8.1,9.34,10.6,4.73,8.88,8.65,12.19,2.21,2.55,1093.43,1297.21
13-Jul,286,8.7,5.2,3.3,13,2.7,63,27,20,12,3.7,7.5,1.2,7.5,3.6,4.6,3.54,6.7,1.71,3.94,19,10,6.9,13,6.8,51,32,41,15,5.5,13,3.8,9.6,6,8,7.05,12,4.29,13,10.47,14.58,2.67,3.05,1096.09,1300.26
14-Jul,287,21,4.6,3.2,7.2,2.3,14,23,33,9.6,3.3,6.6,1.1,6.7,3.6,4.2,3.43,8.19,1.82,3.25,54,8.9,6.6,11,5.5,15,29,60,16,4.5,10,3.7,9,6.4,7.7,6.81,14.1,4.78,14.4,8.43,15.13,2.15,3.16,1098.24,1303.42
15-Jul,288,12,4.2,2.2,28,2,9.1,13,7.3,8,2.9,4.8,1.1,5.7,3.8,7.2,3.08,7.99,1.75,2.7,32,8.1,4.2,40,6.2,12,21,14,14,4.5,8,3.6,8,6.1,11,5.46,13.1,4.67,7.55,6.67,11.76,1.7,2.46,1099.94,1305.88
16-Jul,289,5.8,4.1,2.5,27,1.7,7.1,9.2,4.2,9.2,3.8,4,2.3,4.8,3.6,4.3,2.82,5.98,1.57,2.49,13,7.5,4.3,34,5,10,15,9.9,13,4.2,7.2,4.7,6.9,4.4,7.7,4.63,10.4,4.33,6.17,5.6,9.07,1.43,1.9,1101.37,1307.78
17-Jul,290,4.8,4.1,2.1,50,1.8,5.8,6.4,3.2,9.3,3,3.5,4,5,2.9,3.7,2.69,9,1.57,27.3,11,7.2,3.9,57,4.9,8.7,10,8.7,8.5,4.8,6.6,8.1,6.8,4.1,6.8,4.29,15.1,4.23,58.6,7.9,12.6,2.01,2.63,1103.39,1310.41
18-Jul,291,3.7,5.7,1.8,22,1.8,5.5,8.9,13,17,2.4,3.8,6.3,5.8,2.5,11,8.74,6.59,1.49,10.9,7.8,7.9,3.4,48,4.9,8.4,12,18,17,4.4,7.7,7.4,7.8,4.1,12,13.3,11.5,3.96,24.6,7.31,11.8,1.86,2.47,1105.25,1312.88
19-Jul,292,3,4.2,1.6,28,2,4.9,12,36,12,6,3.3,2,6.6,2.3,12,8.12,5.02,1.44,4.72,6.3,6.6,3.2,51,4.7,7.6,15,66,12,5.3,6.9,4.2,8.7,4.1,12,13.6,9,3.67,12.9,8.17,13.3,2.08,2.78,1107.33,1315.66
20-Jul,293,2.5,3.7,1.6,32,1.7,4.3,29,85,7.8,4.3,2.8,1.5,8.5,2.2,8,3.83,4.4,1.41,3.59,5.4,5.9,3.1,71,4.3,6.3,40,95,10,4.9,5.9,3.7,11,4.3,12,5.89,7.98,3.41,10.2,10.95,16.33,2.79,3.42,1110.12,1319.07
21-Jul,294,2.2,3.2,1.9,14,1.4,4.7,23,64,6.9,41.8,2.3,1.3,5.8,2.1,9.6,2.94,3.91,1.37,3.21,4.8,5.4,3.8,33,3.7,6.3,34,88,9.7,30.6,5.6,3.5,7.9,4.2,15,4.31,7.2,3.33,9.44,10.3,14.73,2.62,3.08,1112.75,1322.15
22-Jul,295,2,2.8,7.7,7.8,1.5,6.7,9.7,24,10,20,1.9,1.1,4.2,1.9,8.2,2.64,3.61,1.52,2.98,4.4,5.1,9.1,21,3.4,8.3,17,41,11,17.4,5.2,3.4,6.6,4,12,4.39,6.67,3.87,8.11,6.33,10.1,1.61,2.11,1114.36,1324.27
23-Jul,296,1.9,4.6,5.3,47,1.5,7.2,6.7,42,8.2,9.6,1.9,2.4,5.9,5.7,5.9,8.08,3.4,2.71,2.73,4.1,7.2,8,81,3.2,13,12,76,9.6,9.6,5,6.2,8.6,15,10,30.8,6.33,6.77,7.29,9.09,16.83,2.32,3.52,1116.68,1327.79
24-Jul,297,1.8,3.4,21,25,1.3,5.1,5.5,102,6.6,7.1,3.5,19,8.7,4.1,5.2,5.97,6.75,2.02,2.38,4.6,5.4,37,46,3,8.8,11,129,8.7,8.4,6.3,35,17,8,8.6,14.6,11.9,5.15,6.32,12.44,19.72,3.17,4.13,1119.85,1331.91
25-Jul,298,1.8,2.8,13,10,1.3,7.7,4.2,61,9.4,5.6,2.5,4.8,5.4,2.4,4.4,3.43,8.95,1.84,2.24,4.3,4.9,26,25,3,8.9,8.8,88,9.3,8,5.3,4.9,9.3,5.1,7.6,7.97,16.6,5.15,5.69,8.04,13.36,2.05,2.79,1121.9,1334.7
26-Jul,299,1.7,2.6,4.5,7.6,1.3,7.5,3.3,20,8.3,4.3,2.8,3.2,4,1.9,4.1,3.02,5.18,2.84,2.13,3.9,4.6,6.5,19,3,8.2,7.6,36,9,6.7,8,4.6,7,4.4,7.2,6.73,9.8,10.9,5.38,4.75,8.87,1.21,1.85,1123.11,1336.56
27-Jul,300,1.6,3.6,6.2,6.6,7.4,4.9,2.8,24,6.2,3.3,2.5,2.9,3.5,3.8,3.7,2.67,5.46,2.15,2.03,3.6,5.5,16,17,25,6.6,6.7,31,7.7,5.6,7.1,6.2,6.1,6,6.3,5.73,10.7,6.93,4.93,5.02,9.72,1.28,2.03,1124.39,1338.59
28-Jul,301,1.6,3,9.9,6.2,4.1,5.6,2.7,12,4.8,2.8,2.2,2.1,3.2,13,4.7,2.56,7.69,1.7,16.6,3.5,4.7,20,16,12,7,6.4,20,6.7,5.1,5.4,4.8,5.8,24,7.6,5.84,13.2,4.83,26.2,5.6,10.48,1.43,2.19,1125.82,1340.78
29-Jul,302,1.5,2.9,4.6,5.4,2,5.8,2.3,9.3,4.2,2.7,2.2,1.7,43,12,3.3,2.44,4.3,1.55,6.66,3.4,4.6,8.2,14,5.6,6.3,5.8,16,6.5,5.1,5.3,12,54,34,6,5.34,8.12,4.22,11.6,6.2,11.37,1.58,2.38,1127.4,1343.16
30-Jul,303,1.5,10,4.3,4.6,1.9,4.3,2,7.3,8.1,2.4,3.8,1.8,8.4,4.7,3.2,2.2,3.47,1.43,4.15,3.3,9.4,8.1,12,4.4,5.5,5.4,14,11,4.6,9.1,6.7,12,9.7,5.8,4.61,6.61,3.88,7.25,4.19,7.54,1.07,1.58,1128.46,1344.74
31-Jul,304,1.5,4.2,3,6.3,1.5,3.6,1.7,13,13,2.3,2.2,1.3,5.4,3.3,3,2.14,3.23,1.45,4.86,3.2,4.9,5.5,17,3.7,5.2,5,21,16,4.5,5.7,4.3,8.4,7.6,5.5,4.29,6.29,3.84,7.34,4.05,7.33,1.03,1.53,1129.5,1346.27
1-Aug,305,1.4,2.9,3.1,6.2,1.5,5.5,1.6,21,9.9,2,1.8,1.2,7.7,2.8,2.8,14.5,3.11,1.46,3.04,3.1,4.2,5.4,16,3.6,10,4.8,25,12,4.4,4.8,3.9,13,6.5,5.3,26.5,5.48,3.82,5.42,4.92,8.59,1.25,1.8,1130.75,1348.07
2-Aug,306,1.3,2.5,3.5,4.5,1.4,16,1.5,25,14,10.1,1.8,1.2,9.5,2.2,2.7,6.85,2.81,1.45,2.44,3.1,4,5.4,12,3.5,39,4.5,37,16,8.8,5.1,3.7,13,5.5,5.3,11.6,4.65,3.8,4.4,5.83,10.02,1.49,2.1,1132.24,1350.16
3-Aug,307,1.9,2.3,3.2,27,1.3,11,1.4,34,13,23,1.7,1,18,2,2.6,3.55,2.68,1.45,2.22,3.3,3.8,5,43,3.7,25,4.2,46,14,19.9,4.2,3.4,24,5.1,5.2,6.78,4.48,3.73,4.12,8.07,12.05,2.06,2.52,1134.29,1352.68
4-Aug,308,1.4,2,3.2,15,1.2,7.4,1.3,22,6.6,77,1.6,0.93,10,2.1,2.6,2.7,2.66,1.73,2.1,3,3.6,5,29,3.3,14,4,31,8.8,204,3.7,3.2,15,6.1,4.7,5.43,4.45,4.35,4.35,8.61,18.79,2.19,3.93,1136.49,1356.61
5-Aug,309,1.3,1.9,16,6.8,1.8,4.7,1.2,13,7.5,14.6,1.5,2.2,7.5,2.2,2.5,2.35,8.01,1.52,1.98,2.9,3.5,14,16,4.1,9.3,3.9,21,12,23.5,3.7,11,12,15,4.4,4.79,13.4,3.79,3.91,5.19,9.59,1.32,2.01,1137.81,1358.62
6-Aug,310,1.2,5,15,5.4,1.3,3.7,10,59,5.3,8.1,1.5,4.1,5.3,3.5,2.5,2.28,5.37,1.32,1.94,2.8,7.8,19,14,3.1,7.5,18,53,8.6,15.4,4,10,8.9,12,4.3,5.41,8.87,3.39,3.65,7.46,11.04,1.9,2.31,1139.71,1360.93
7-Aug,311,1.2,5.6,7.2,5.1,1.2,3.6,4.2,40,4.5,5.7,1.8,1.5,4.4,3.2,2.4,2.14,4.03,1.61,2.22,2.8,6.7,11,13,2.8,7.6,8.2,43,6.8,11.2,4.3,4.4,7.5,13,4,4.6,7.29,4.78,5.9,5.35,8.89,1.36,1.86,1141.07,1362.78
8-Aug,312,1.3,3.1,5.1,4.9,1.1,3.8,4.1,28,3.8,4.5,1.6,1.1,4.1,2.6,2.3,2.07,5.93,1.61,24.9,2.8,4.6,22,12,2.8,7.4,10,50,6,8.9,4.3,3.5,7.7,8.8,3.8,4.18,11.4,4.19,58.4,5.57,12.25,1.42,2.56,1142.5,1365.35
9-Aug,313,1.2,2.2,5.6,4.5,1,2.9,3.3,59,3.6,9.3,2.2,1.1,6.8,1.9,2.3,1.96,3.69,1.88,7.37,2.7,3.8,26,9.5,2.8,5.1,6.8,45,5.7,15.7,5.4,3.4,11,6.3,3.7,3.85,6.63,5.01,21.2,6.41,9.98,1.63,2.09,1144.13,1367.43
10-Aug,314,1.8,1.9,26,3.8,1,3.1,1.9,20,3.6,8.1,8.8,5.3,5,1.6,2.2,1.96,3.05,1.64,4.65,3.8,3.5,46,6.8,2.7,6.2,4.2,26,6.1,11.7,18,7.5,8.3,5.1,3.7,3.31,5.34,5.82,13.7,5.55,9.88,1.41,2.07,1145.54,1369.5
11-Aug,315,1.3,1.7,27,5,0.99,3.1,1.6,14,5.5,4.9,2.6,6.4,3.6,1.5,7.7,1.9,2.92,1.38,3.38,2.9,3.2,25,8.8,2.7,6.1,4.2,20,6.2,8.5,5.4,12,9.9,4.4,14,3.13,5.13,3.78,10.4,5.08,8.2,1.29,1.71,1146.84,1371.21
12-Aug,316,1.2,1.6,11,22,1,2.9,1.4,11,4.5,3.9,2.8,7.3,3,1.4,9.9,3.14,4.61,1.36,2.65,2.7,3.1,30,33,2.6,5.4,3.9,16,6.3,6.8,5.3,14,9.9,3.9,14,4.53,9.16,3.55,7.05,5.09,9.54,1.3,1.99,1148.13,1373.21
13-Aug,317,1.2,1.6,7.8,62,1,2.5,5.8,8.3,3.9,3.6,2.4,2.5,2.9,8,7.1,3.66,5.36,1.36,2.43,2.9,3,23,76,2.6,4.7,6,14,5.8,5.9,4.5,5.8,5.2,15,9.3,6.05,12.2,3.44,6.43,7.02,11.15,1.79,2.33,1149.92,1375.54
14-Aug,318,1.1,1.6,5.4,34,1.4,2.3,2.2,6.7,3.1,3.2,2.2,1.7,3.9,13,4.3,4.16,3.53,1.39,2.21,2.6,3,14,41,3.4,4.3,3.8,12,5,5.5,4.1,4.4,6.1,26,7.2,7.46,7.63,3.57,5.56,5.13,8.77,1.31,1.83,1151.23,1377.37
15-Aug,319,1,1.8,4.2,12,1.4,2.3,1.8,5.7,2.7,3,13,1.5,3.2,4.8,3.9,2.74,3.89,20.5,2.09,2.6,2.9,9.9,20,3.3,4.3,4,11,4.5,5.3,24,4,5.4,9.6,6.3,5.02,6.99,19.5,4.84,4.82,8.08,1.23,1.69,1152.46,1379.06
16-Aug,320,1,1.8,3.9,12,1.1,2.2,9.6,4.9,2.5,3,21,1.3,2.6,3.8,3.2,11.5,4.01,21.6,2.09,2.5,2.9,9.9,22,2.9,4,11,10,4.3,5.4,43,3.4,4.6,9.4,5.6,22.7,6.8,24.1,4.69,5.95,10.48,1.52,2.19,1153.98,1381.26
17-Aug,321,1.9,1.4,3.5,9.5,1,2.1,13,4.3,2.3,2.5,5.5,1.2,2.5,9.1,2.6,57.5,2.88,5.16,2.19,4.1,2.8,8.5,17,2.6,3.8,16,9.3,4.4,5.2,12,3.3,4.5,18,4.8,109,5.56,10.1,4.78,6.85,12.93,1.75,2.7,1155.72,1383.96
18-Aug,322,1.4,1.3,3.1,6.8,0.94,2,13,4.1,2,2.3,3.3,1.1,2.2,9.5,2.3,9.38,5.92,11.7,2.2,3.3,2.7,7.1,12,2.3,3.6,23,9.7,4.4,4.9,7.5,3.1,4.1,22,4.2,18.9,11.6,39.1,4.98,4.45,9.92,1.13,2.07,1156.85,1386.04
19-Aug,323,1.2,1.3,2.6,6.8,0.96,2,6.3,13,2.3,2.2,2.4,0.92,2,5.1,2.3,4.82,12.3,4.68,2.04,2.8,2.7,6.2,15,2.3,3.5,11,31,4.8,4.3,6,2.8,3.9,12,4.1,12,22.9,10.4,4.55,3.96,8.54,1.01,1.79,1157.86,1387.82
20-Aug,324,1.2,1.5,2.2,6.9,1.1,72,3.5,6.1,2.2,2.1,2,0.86,1.8,3,2.3,3.45,5.84,2.93,1.91,2.8,2.8,5.5,15,2.5,59,6.2,13,4.3,3.8,5.3,2.3,3.7,8.2,4.1,9.32,12.3,6.15,3.91,6.47,8.96,1.65,1.87,1159.51,1389.69
21-Aug,325,5.2,1.3,2,17,2.5,29,2.3,4.4,2.3,2.1,3.7,0.81,1.7,2.6,4,4.62,3.91,2.42,3.09,16,2.6,5.1,28,5.2,27,5,9.6,4.5,3.9,7.8,2,3.4,7.4,7.1,11.2,8.33,4.47,6.24,5,8.68,1.27,1.81,1160.79,1391.51
22-Aug,326,2.1,2,1.8,9.5,1.3,12,1.7,3.8,2.3,5.2,4.4,0.73,2.7,3,2.7,5.86,5.19,3.19,2.76,6,3.2,4.8,17,3.4,14,4,8.5,4.5,6.7,8,1.9,7,8.1,5,12.5,10.4,5.25,5.23,3.8,7.13,0.97,1.49,1161.76,1393
23-Aug,327,1.4,2.2,1.7,8.1,1.2,7,1.8,3.4,16,8.1,3.2,0.81,2.7,3.7,2.3,3.7,8.13,3.5,2.14,3.2,3.2,4.5,16,3,8.6,4.7,8.2,18,9.1,6.9,1.9,5.8,8.8,5.6,8.14,20.1,4.89,4.08,4.27,7.62,1.09,1.59,1162.84,1394.59
24-Aug,328,1.2,1.5,1.6,8,1.2,5.1,2.3,3.1,28,3.5,2.2,0.82,1.8,2.4,2.1,2.96,4.17,2.41,2.03,2.8,2.7,4.3,16,2.8,6.8,5.9,7.6,33,5.3,5.4,2.2,3.7,6.7,6.4,6.36,10.4,3.83,3.8,4.02,7.16,1.02,1.5,1163.87,1396.09
25-Aug,329,1.1,1.4,1.8,5.8,1.1,4.1,2.5,3.6,9.5,2.8,2.1,0.78,1.7,1.8,2,2.68,3.37,2.17,1.98,2.6,2.6,4.5,10,2.5,5.8,8.7,8.5,10,4.5,5.3,2.1,3.5,5.7,3.7,5.88,8.15,3.43,3.63,2.75,5.32,0.7,1.11,1164.57,1397.2
26-Aug,330,1,1.3,1.9,4.9,0.93,3.6,2.9,3,7.7,2.9,1.9,0.74,2.1,1.5,1.9,2.59,2.9,2.1,1.85,2.5,2.5,4.5,8.3,2.4,5.2,8.9,6.7,10,4.5,5.6,2.1,3.8,5.1,3.5,5.45,6.89,3.31,3.47,2.51,4.99,0.64,1.04,1165.21,1398.25
27-Aug,331,4.9,1.2,1.6,4.4,0.89,6.6,1.9,2.8,5.8,2.6,1.7,0.7,2,1.3,2.2,2.34,2.62,2.09,1.81,14,2.5,4.1,7.3,2.3,9,5.8,6,8,4.4,9.1,1.9,3.7,5.6,3.2,4.9,6.18,3.27,3.35,2.6,5.51,0.66,1.15,1165.87,1399.4
28-Aug,332,7.3,1.2,1.5,4.1,1.5,8.4,1.5,2.6,4,2.2,122,1.1,2.8,1.3,2,2.26,2.42,3.33,2.13,25,2.5,3.8,6.6,3.4,13,4.5,6.5,6.2,4.3,292,2.6,3.8,4.5,3.1,5.06,5.67,5.42,3.85,9.14,21.15,2.33,4.42,1168.2,1403.82
29-Aug,333,6.4,1.3,2.5,53,1.2,6.1,1.2,2.5,11,2,69,0.75,2.2,1.3,1.9,2.19,2.28,2.27,2.87,20,2.6,5.4,91,2.8,9.2,3.9,5.9,15,4,139,2.1,3.7,4.3,2.8,5.62,5.32,4.01,4.86,9.05,17.45,2.31,3.65,1170.51,1407.47
30-Aug,334,2.1,1.5,2.9,42,1.4,4.8,1.4,2.6,12,1.8,17,0.66,1.8,1.2,1.8,2.14,2.19,6.17,1.98,6.4,2.6,5.2,68,3,7.3,4.3,6.1,20,6.9,26,1.6,3.4,4.1,2.6,5.25,5.05,20.1,4.14,5.65,10.63,1.44,2.22,1171.95,1409.69
31-Aug,335,30,1.2,1.8,63,65,3.8,1.5,2.4,7.2,1.8,10,0.68,2.6,1.8,1.8,3.17,2.16,3.32,1.86,57,2.5,4.1,84,93,6.1,4.2,5.6,16,6.7,14,1.6,3.9,5.2,2.5,7.51,5.06,7.23,3.86,10.79,17.37,2.75,3.63,1174.7,1413.32
1-Sep,336,49,1.2,1.6,18,18,3.3,1.2,2.1,4.8,1.7,7.9,0.68,2.2,1.4,1.7,2.48,2.08,2.54,1.81,103,2.4,3.8,35,21,5.2,3.7,5.3,9.7,3.3,9.8,1.7,3.6,4.3,2.4,7.21,4.77,4.99,3.67,6.51,12.36,1.66,2.58,1176.36,1415.91
2-Sep,337,7.5,1.1,1.6,11,4.3,3,1.1,2,3.6,1.5,6.5,0.64,2,17,1.6,2.2,2.02,2.33,24.4,21,2.4,3.7,22,5,4.9,3.4,4.8,7.5,3,7.9,1.5,3.6,26,2.4,5.12,4.53,4.64,59.7,5.02,10.16,1.28,2.13,1177.64,1418.03
3-Sep,338,3.7,1.1,1.6,8,2.5,4.6,0.93,2,3,1.5,5.7,0.6,3.3,20,1.7,2.12,19.4,2.21,8.82,12,2.3,3.8,15,5.1,7.3,3.2,4.4,6.5,2.9,7.5,1.7,4.1,29,2.7,4.46,27.5,4.73,23.1,4.88,8.8,1.24,1.84,1178.88,1419.88
4-Sep,339,2.7,1.1,2.6,6.8,1.9,11,0.87,2,2.7,1.5,5.6,1.7,3.4,4.2,1.6,2.05,31.9,2.14,6.49,9.3,2.4,4.8,12,4.2,19,3.4,4.4,5.8,3.2,8.2,2.1,4.3,8.1,2.3,4.19,45.6,3.92,18.9,4.86,8.74,1.24,1.83,1180.12,1421.7
5-Sep,340,2.4,1,1.8,6.2,1.6,30,0.88,2,2.4,1.5,13,41,3.3,2.4,1.4,1.98,53.6,1.97,5,7.3,2.3,3.7,11,3.3,43,3.2,4.4,5.3,3.2,22,58,4.1,6,2.2,4.12,71.2,3.26,14.8,9.13,14.34,2.33,3,1182.45,1424.7
6-Sep,341,1.9,0.94,1.6,5.9,1.4,11,1.7,1.9,2.2,1.5,30,2.8,2,3.3,1.4,1.92,23.8,2.22,3.27,5.3,2.3,3.2,9.7,3.3,15,2.9,4.6,5,2.9,56,6.7,3.7,9.6,2.2,4.33,34.3,4.31,9.02,5.3,9.7,1.35,2.03,1183.8,1426.73
7-Sep,342,1.6,0.91,1.5,5.6,1.3,7.3,1.1,2.4,2.2,1.7,22,1.6,1.5,3.7,1.3,1.9,27.2,2,3.13,4.3,2.2,3,8.9,3.4,11,2.8,5.7,4.8,3,32,3.7,3.1,9.3,2.4,3.91,32.1,3.71,8.42,4.73,7.78,1.21,1.63,1185.01,1428.36
8-Sep,343,1.4,0.87,1.4,7,1.5,5.3,1,2.1,2.2,3.2,23,2.1,3.2,2.1,3.2,2.14,15.7,1.87,5.31,3.7,2.2,3,14,3.7,8.7,3.1,4.9,4.6,5,33,7.9,5.5,5.6,3.9,4.12,23.7,3.1,11.3,4.45,7.95,1.13,1.66,1186.14,1430.02
9-Sep,344,1.3,0.81,1.3,60,1.6,4.6,2.3,7.3,2,37,14,2.6,2,1.7,2.5,2.18,33.7,1.84,3.56,3.4,2.1,2.9,81,3.6,9.1,4.3,19,4.4,59.1,18,15,4.4,4.1,3.3,4.01,33.3,2.91,7.88,9.59,14.83,2.45,3.1,1188.59,1433.12
10-Sep,345,1.4,0.79,1.3,82,1.3,4.2,2.8,3.9,1.9,14.5,9.6,1.7,3.2,1.5,1.6,1.95,11.1,2,2.87,3.4,2.1,2.9,112,3.1,9.3,3.9,9.2,4.2,26.1,12,7.2,4,4.1,2.4,3.65,19,3.14,6.69,7.87,12.55,2.01,2.62,1190.59,1435.75
11-Sep,346,1.4,34,1.2,24,1.2,3.6,6.2,2.6,1.8,4.9,7.8,1.5,3.3,2.5,1.5,9.38,6.4,20.1,3.11,3.4,41,2.8,42,3,7.3,11,5.8,4,9.2,9.8,2.9,3.9,4.6,2.2,19.6,14.1,43.2,7.92,7.18,12.51,1.83,2.62,1192.42,1438.36
12-Sep,347,1.2,8.9,1.2,11,1.1,3.3,9.6,2.7,2,3.3,6.7,1.2,6.1,2,1.4,2.99,4.72,4.93,2.81,3.1,12,2.7,24,2.8,6.4,25,5.9,4.1,9.3,8.3,2.3,13,4.4,2.1,6.46,11.4,11.5,6.83,4.06,8.5,1.03,1.78,1193.46,1440.14
13-Sep,348,1.2,3.4,1.2,8.3,1.1,3.5,3,4.6,2.3,3.2,5.9,1,29,1.9,2.9,2.29,3.85,3.37,2.42,3.1,4.4,2.7,17,2.8,6.7,8.1,7.6,4.5,7.8,7.3,2,61,4.3,4.7,4.49,9.7,6.98,5.66,4.44,8.99,1.13,1.88,1194.59,1442.02
14-Sep,349,1.2,2.5,1.3,6.9,1,5.5,1.9,7.3,2,4.7,6.6,0.95,16,2.4,12,2.59,3.55,2.69,2.34,3,3.5,2.8,13,2.7,10,5.5,14,4.1,8,8.2,1.9,37,4.6,13,5.76,8.83,5,5.42,4.39,8.23,1.12,1.72,1195.71,1443.74
15-Sep,350,1.2,50,1.3,6.1,1.4,4.9,17,6.1,3.1,20.9,12,1,6.5,1.9,4.9,2.33,3.34,2.35,2.25,2.9,65,2.8,12,3,9.1,27,17,4,30.7,16,2,14,4.6,4.7,5.44,8.06,4.4,5.05,7.82,12.51,1.99,2.62,1197.7,1446.36
16-Sep,351,1.2,15,1.3,5.6,2,4.3,7.6,5.1,2,12.1,11,1,7.8,1.8,2.3,2.13,3.06,2.22,2.14,2.9,20,2.7,11,3.1,7.7,14,14,3.8,18.4,12,2,16,5.5,3.7,4.36,7.37,3.93,4.65,4.72,8.27,1.2,1.73,1198.91,1448.09
17-Sep,352,1.2,6.8,1.2,5.2,10,3.7,3.7,3.2,2,26.2,7.6,0.92,5.3,1.6,1.8,2,2.89,2.12,2.08,2.8,9.9,2.6,9.5,12,6.7,7.9,8.7,3.8,36.7,8.3,1.8,11,5.3,2.9,3.82,6.9,3.65,4.41,4.71,7.83,1.2,1.64,1200.11,1449.72
18-Sep,353,1.2,4.1,1.2,6,11,3.5,2.2,2.6,3.9,9.1,6.4,7.4,3.4,1.3,1.6,2.35,2.75,2.14,2.07,2.8,6.3,2.6,11,16,6.4,6,7.8,6.1,14.8,6.9,15,8.3,4.9,2.6,4.48,6.45,3.53,4.27,3.91,7.17,1,1.5,1201.1,1451.22
19-Sep,354,1.2,2.9,1.2,5,5.6,3.8,1.7,2.3,2.6,5.6,5.6,16,2.6,1.2,1.4,2.15,2.65,2.16,2,2.9,4.6,2.6,9.5,11,6.8,5.2,6.6,4.4,10.7,6.4,28,6.7,4.6,2.7,4.29,6.39,3.48,4.33,3.56,6.9,0.91,1.44,1202.01,1452.67
20-Sep,355,2,2.3,2.2,4.6,3.5,4.4,1.4,2.1,2.1,4.2,7.4,3.7,2.2,1.1,1.8,2.06,2.58,2.18,1.94,4.9,3.5,3.4,8.7,7.6,9.2,4.6,6,3.8,8.9,7.9,4.9,5.7,4.4,3.9,4.35,5.99,3.42,3.92,2.83,5.53,0.72,1.16,1202.73,1453.82
21-Sep,356,13,3.9,1.4,4.2,2.9,12,1.3,2.1,1.8,3.3,6.8,2.2,1.9,1.1,1.4,1.85,2.47,16.8,1.91,29,8,2.8,8,8.1,19,3.9,5.6,3.6,7.8,6.9,4.2,5.3,4.3,2.8,3.95,5.62,38.6,3.84,4.33,9.02,1.1,1.89,1203.84,1455.71
22-Sep,357,6.5,16,1.3,4,2.1,5.2,1.2,2,1.8,3.1,7.1,2,19,4.1,1.3,1.81,2.32,9.94,1.92,11,25,2.7,6.9,5.2,9.3,2.9,5.4,3.8,7.2,6.8,3.8,35,6.9,2.4,3.47,5.28,23.4,3.77,4.88,8.96,1.24,1.87,1205.08,1457.58
23-Sep,358,3.9,27,9.8,3.9,2.7,4.9,1.1,1.9,4.6,2.9,8.6,6.4,10,2.4,1.1,6.05,2.22,4.13,16.3,6.4,42,21,6,11,9,3.6,5.1,14,6.7,6.6,9.7,17,5.5,2.3,7.7,5.06,10.1,14.5,6.31,10.7,1.61,2.24,1206.69,1459.82
24-Sep,359,2.7,8,5.4,3.7,2.2,4.8,1,1.9,13,4.4,16,3.2,6.3,1.8,1.2,3.31,2.25,3.1,10.7,5,12,11,5.6,7.1,8.7,3.4,4.9,24,8.3,16,5.1,11,4.8,2.2,5.71,4.99,6.58,16.9,5,8.59,1.27,1.8,1207.96,1461.62
25-Sep,360,57,5,2.7,4.4,1.9,4.6,0.99,1.8,3.5,3.1,9.3,2,4.4,1.5,1.2,2.42,2.32,5.67,6.56,80,7.3,5.1,6,5.1,8.4,2.9,5,6.4,6.7,9.9,3.6,9,4.4,2.1,4.51,4.89,9.38,11.8,6.33,10.13,1.61,2.12,1209.58,1463.74
26-Sep,361,16,3.8,2.5,4.2,35,4.3,2.1,2.1,2.6,2.8,6.7,2,3.5,1.4,1.2,2.23,2.29,35.9,12.8,28,5.6,4.5,6.6,51,8.1,4.3,4.9,4.9,6.3,7.1,4,7.6,4.2,2.1,4.11,4.76,69.2,17.5,7.55,12.88,1.92,2.69,1211.5,1466.43
27-Sep,362,6.7,33,1.9,3.7,37,4,1.8,3.1,13,3.9,5.3,3.4,3,1.3,1.2,3.03,2.23,16,8.01,14,53,3.7,5.8,52,7,4.1,6.1,22,7.6,6,5.4,6.8,4,2.3,5.69,4.62,32.1,12.9,7.98,13.43,2.03,2.81,1213.53,1469.24
28-Sep,363,4.7,68,30,3.6,9,3.6,5.4,2.4,26,18.1,4.7,2.3,2.8,1.4,1.2,2.48,2.53,8.54,5.27,11,80,55,5.9,17,6.3,6.8,5.3,38,28,5,4,6.1,3.9,2.1,4.37,4.53,18.7,11.5,10.63,16.5,2.71,3.45,1216.24,1472.69
29-Sep,364,3.8,15,13,3.6,12,60,3.8,2.6,8.6,15.1,20,4.9,2.5,1.5,3.1,2.25,2.32,5.68,7.88,8.6,21,25,5.8,20,73,8.3,9.8,14,21,32,7.3,5.6,3.8,8.1,4.43,4.21,12.6,17.9,9.88,15.92,2.52,3.33,1218.76,1476.02
30-Sep,365,3.2,8.4,6.7,3.5,9.8,18,2.2,2.5,16,49.5,34,7.5,2.3,1.7,49,2.15,2.41,4.24,4.62,6.8,14,12,5.7,17,25,5.8,7,26,66.2,57,9,5.3,3.8,89,3.81,3.8,10,9.73,11.99,19.84,3.05,4.15,1221.82,1480.17
for Feb 29,,,,,2.8,,,,4.4,,,,2.3,,,,15.6,,,,,,,4.7,,,,6.5,,,,3.9,,,,18.1,,,,,,,,,
mm,,874,1156,957,1430,909,1612,1382,1448,1104,1232,1525,900,1385,1095,1073,1014,1493.726789,1019.721355,1611.820339,1185,1415,1133,1814,1060,1918,1534,1671,1350,1357,1932,1284,1632,1356,1308,1255.406604,1741.54511,1358.630128,1824.532992,1205,1463,,,,
,,,,,,,,,,,,,,,,,,,,,,,,,,,,,,,,,,,,,,,,,,,,,
,,,,,,,,1381.798786,,,,,,,,,,,,,,,,,,,,,,,,,,,1308.227151,,,,,,,,,,